道具	聖杯瓶など	緋雫の聖杯瓶
道具	聖杯瓶など	青雫の聖杯瓶
道具	聖杯瓶など	霊薬の聖杯瓶
道具	聖杯瓶など	祝福の記憶
道具	聖杯瓶など	霊馬の指笛
道具	聖杯瓶など	ルーンの弧
道具	聖杯瓶など	星光の欠片
道具	聖杯瓶など	微睡の枝
道具	聖杯瓶など	マリカの祝福
道具	消費アイテム	毒の苔薬
道具	消費アイテム	腐敗の苔薬
道具	消費アイテム	出血の苔薬
道具	消費アイテム	冷気の苔薬
道具	消費アイテム	睡眠の苔薬
道具	消費アイテム	発狂の苔薬
道具	消費アイテム	死の苔薬
道具	消費アイテム	抗魔の干し肝
道具	消費アイテム	抗魔の肝漬け
道具	消費アイテム	抗炎の干し肝
道具	消費アイテム	抗炎の肝漬け
道具	消費アイテム	抗雷の干し肝
道具	消費アイテム	抗雷の肝漬け
道具	消費アイテム	抗聖の干し肝
道具	消費アイテム	抗聖の肝漬け
道具	消費アイテム	真珠色の肝漬け
道具	消費アイテム	免疫の干し肉
道具	消費アイテム	頑健の干し肉
道具	消費アイテム	正気の干し肉
道具	消費アイテム	斑色の干し肉
道具	消費アイテム	免疫の干し白肉
道具	消費アイテム	頑健の干し白肉
道具	消費アイテム	正気の干し白肉
道具	消費アイテム	斑色の干し白肉
道具	消費アイテム	亀首漬け
道具	消費アイテム	亀首の古漬け
道具	消費アイテム	勇者の肉塊
道具	消費アイテム	竜餐の肉塊
道具	消費アイテム	逆鱗の肉塊
道具	消費アイテム	指紋の秘薬
道具	消費アイテム	鳥脚の白銀漬け
道具	消費アイテム	鳥脚の黄金漬け
道具	消費アイテム	白銀の角貨
道具	消費アイテム	黄金の角貨
道具	消費アイテム	ゆでエビ
道具	消費アイテム	ゆでカニ
道具	消費アイテム	サソリ煮込み
道具	消費アイテム	贅沢なサソリ煮込み
道具	消費アイテム	生肉団子
道具	消費アイテム	聖なる血肉
道具	投擲壺	火炎壺
道具	投擲壺	油壺
道具	投擲壺	赤獅子の火炎壺
道具	投擲壺	巨人火の火炎壺
道具	投擲壺	魔力壺
道具	投擲壺	学院の魔力壺
道具	投擲壺	雷壺
道具	投擲壺	古竜の雷壺
道具	投擲壺	赤雷壺
道具	投擲壺	聖水壺
道具	投擲壺	聖律壺
道具	投擲壺	毒壺
道具	投擲壺	糞壺
道具	投擲壺	腐敗壺
道具	投擲壺	蠅壺
道具	投擲壺	氷結壺
道具	投擲壺	眠り壺
道具	投擲壺	永眠壺
道具	投擲壺	狂い火壺
道具	投擲壺	火山壺
道具	投擲壺	怨霊壺
道具	投擲壺	呪血壺
道具	投擲壺	誘い壺
道具	投擲壺	獣誘いの壺
道具	投擲壺	しろがね壺
道具	投擲壺	紐付き火炎壺
道具	投擲壺	紐付き油壺
道具	投擲壺	紐付き魔力壺
道具	投擲壺	紐付き雷壺
道具	投擲壺	紐付き聖水壺
道具	投擲壺	紐付き毒壺
道具	投擲壺	紐付き糞壺
道具	投擲壺	紐付き蠅壺
道具	投擲壺	紐付き狂い火壺
道具	投擲壺	紐付き火山壺
道具	大壺	大火炎壺
道具	大壺	大焼炉壺
道具	大壺	大油壺
道具	大壺	大魔力壺
道具	大壺	大雷壺
道具	大壺	大赤雷壺
道具	大壺	大毒壺
道具	大壺	大糞壺
道具	大壺	大腐敗壺
道具	大壺	大蠅壺
道具	大壺	大狂い火壺
道具	大壺	大氷結壺
道具	大壺	大岩石壺
道具	大壺	大火山壺
道具	大壺	大怨霊壺
道具	調香術	火花の香り
道具	調香術	高揚の香り
道具	調香術	毒の噴霧
道具	調香術	酸の噴霧
道具	調香術	狂熱の香薬
道具	調香術	鉄壺の香薬
道具	投擲、配置系	骨の投げ矢
道具	投擲、配置系	骨の毒投げ矢
道具	投擲、配置系	結晶投げ矢
道具	投擲、配置系	スローイングダガー
道具	投擲、配置系	ククリ
道具	投擲、配置系	扇投暗器
道具	投擲、配置系	竜餐の銛
道具	投擲、配置系	遺跡石
道具	投擲、配置系	丸岩
道具	投擲、配置系	毒石
道具	投擲、配置系	毒石の塊
道具	投擲、配置系	爆発石
道具	投擲、配置系	爆発石の塊
道具	投擲、配置系	屑輝石
道具	投擲、配置系	大きな屑輝石
道具	投擲、配置系	カッコウの輝石
道具	投擲、配置系	輝く爪
道具	投擲、配置系	扇の重力石
道具	投擲、配置系	塊の重力石
道具	投擲、配置系	火霊石
道具	投擲、配置系	精霊石
道具	投擲、配置系	火の蜷局
道具	投擲、配置系	迸る狂い火
道具	投擲、配置系	中身肉
道具	投擲、配置系	ティビアの呼び声
道具	投擲、配置系	言の葉石
道具	投擲、配置系	ぬくもり石
道具	投擲、配置系	陽だまり石
道具	投擲、配置系	狂い火石
道具	投擲、配置系	誘惑の枝
道具	投擲、配置系	魅了の枝
道具	投擲、配置系	黄金樹に誓って
道具	特殊なアイテム	呪霊喚びの鈴
道具	特殊なアイテム	幼祖霊の頭
道具	特殊なアイテム	忌み水子
道具	特殊なアイテム	王家の忌み水子
道具	特殊なアイテム	角水子
道具	特殊なアイテム	ラーナの香油瓶
道具	特殊なアイテム	絆の石
道具	特殊なアイテム	擬態のヴェール
道具	特殊なアイテム	帳の恩寵
道具	特殊なアイテム	光射す帳の恩寵
道具	特殊なアイテム	古竜の恩寵
道具	特殊なアイテム	マルギットの拘束具
道具	特殊なアイテム	モーグの拘束具
道具	特殊なアイテム	冒涜の爪
道具	特殊なアイテム	ミケラの大ルーン
道具	エンチャント系	火脂
道具	エンチャント系	メスメルの火脂
道具	エンチャント系	魔力脂
道具	エンチャント系	王家の魔力脂
道具	エンチャント系	雷脂
道具	エンチャント系	竜雷脂
道具	エンチャント系	聖脂
道具	エンチャント系	黄金脂
道具	エンチャント系	祝祭脂
道具	エンチャント系	毒脂
道具	エンチャント系	腐敗脂
道具	エンチャント系	血脂
道具	エンチャント系	氷結脂
道具	エンチャント系	眠り脂
道具	エンチャント系	永眠脂
道具	エンチャント系	竜傷脂
道具	エンチャント系	竜餐脂
道具	エンチャント系	盾脂
道具	エンチャント系	紐付き火脂
道具	エンチャント系	紐付きメスメルの火脂
道具	エンチャント系	紐付き魔力脂
道具	エンチャント系	紐付き王家の魔力脂
道具	エンチャント系	紐付き雷脂
道具	エンチャント系	紐付き竜雷脂
道具	エンチャント系	紐付き聖脂
道具	エンチャント系	紐付き黄金脂
道具	エンチャント系	紐付き毒脂
道具	エンチャント系	紐付き腐敗脂
道具	エンチャント系	紐付き血脂
道具	エンチャント系	紐付き眠り脂
道具	エンチャント系	紐付き永眠脂
道具	その他	ロア・レーズン
道具	その他	スイート・レーズン
道具	その他	フローズン・レーズン
道具	その他	スピリット・レーズン
道具	その他	虹色石
道具	その他	灯り石
道具	その他	人鳴り石
道具	その他	ふんわり綿
道具	その他	石鹸
道具	その他	祝福擬き
道具	その他	ガラス片
道具	その他	ランタン
道具	その他	遠眼鏡
道具	その他	呼び声頭「こんにちは」
道具	その他	呼び声頭「ありがとう」
道具	その他	呼び声頭「ごめんなさい」
道具	その他	呼び声頭「すばらしい！」
道具	その他	呼び声頭「助けてくれ…」
道具	その他	呼び声頭「愛している」
道具	その他	呼び声頭「はじめようか」
道具	その他	呼び声頭「貴方は美しいわ」
道具	その他	呼び声頭「嘆き」
道具	その他	岩の心臓
道具	その他	巫女の心臓
道具	その他	嘆き人の仮面
道具	イベント関連	純血騎士褒章
道具	イベント関連	ミケラの針
道具	イベント関連	祝福の瞳膜
道具	イベント関連	暗闇の瞳膜
道具	イベント関連	ティエリエの秘薬
道具	ルーン	黄金のルーン【1】
道具	ルーン	黄金のルーン【2】
道具	ルーン	黄金のルーン【3】
道具	ルーン	黄金のルーン【4】
道具	ルーン	黄金のルーン【5】
道具	ルーン	黄金のルーン【6】
道具	ルーン	黄金のルーン【7】
道具	ルーン	黄金のルーン【8】
道具	ルーン	狭間の地のルーン
道具	ルーン	黄金のルーン【9】
道具	ルーン	黄金のルーン【10】
道具	ルーン	黄金のルーン【11】
道具	ルーン	黄金のルーン【12】
道具	ルーン	黄金のルーン【13】
道具	ルーン	稀人のルーン
道具	ルーン	英雄のルーン【1】
道具	ルーン	英雄のルーン【2】
道具	ルーン	英雄のルーン【3】
道具	ルーン	英雄のルーン【4】
道具	ルーン	英雄のルーン【5】
道具	ルーン	王のルーン
道具	ルーン	壊れたルーン
道具	ルーン	影の地のルーン【1】
道具	ルーン	影の地のルーン【2】
道具	ルーン	影の地のルーン【3】
道具	ルーン	影の地のルーン【4】
道具	ルーン	影の地のルーン【5】
道具	ルーン	影の地のルーン【6】
道具	ルーン	影の地のルーン【7】
道具	ルーン	レダのルーン
道具	ルーン	謳われぬ英雄のルーン
道具	ルーン	マリカのルーン
道具	追憶	祖霊の王の追憶
道具	追憶	暗黒の落とし子の追憶
道具	追憶	死竜の追憶
道具	追憶	火の巨人の追憶
道具	追憶	接ぎ木の追憶
道具	追憶	満月の女王の追憶
道具	追憶	冒涜の君主の追憶
道具	追憶	星砕きの追憶
道具	追憶	忌み王の追憶
道具	追憶	血の君主の追憶
道具	追憶	腐敗の女神の追憶
道具	追憶	黒き剣の追憶
道具	追憶	ホーラ・ルーの追憶
道具	追憶	竜王の追憶
道具	追憶	エルデの追憶
道具	追憶	双月の騎士の追憶
道具	追憶	獅子舞の追憶
道具	追憶	泥濘の追憶
道具	追憶	猪乗りの追憶
道具	追憶	影輪草の追憶
道具	追憶	指の母の追憶
道具	追憶	狂い火の王の追憶
道具	追憶	串刺し公の追憶
道具	追憶	蕾の聖女の追憶
道具	追憶	神と王の追憶
道具	マルチプレイ	鉤呼びの指薬
道具	マルチプレイ	褪せ人の鉤指
道具	マルチプレイ	金の小偶像
道具	マルチプレイ	闘士の鉤指
道具	マルチプレイ	赤の小偶像
道具	マルチプレイ	血の指
道具	マルチプレイ	背律の指
道具	マルチプレイ	爛れた血指
道具	マルチプレイ	血指の幻影
道具	マルチプレイ	大ルーンの幻影
道具	マルチプレイ	白い秘文字の指環
道具	マルチプレイ	青い秘文字の指環
道具	マルチプレイ	嘲弄者の舌
道具	マルチプレイ	指切り
道具	マルチプレイ	褪せ人の老指
遺灰	一般遺灰	さまよえる貴人の遺灰
遺灰	一般遺灰	貴人の魔術師の遺灰
遺灰	一般遺灰	放浪の民の遺灰
遺灰	一般遺灰	腐った亡者の遺灰
遺灰	一般遺灰	民兵スケルトンの遺灰
遺灰	一般遺灰	山賊スケルトンの遺灰
遺灰	一般遺灰	しろがね人の遺灰
遺灰	一般遺灰	翼の混種の遺灰
遺灰	一般遺灰	亜人団の遺灰
遺灰	一般遺灰	泥人の遺灰
遺灰	一般遺灰	神託の使者たちの遺灰
遺灰	一般遺灰	人蠅の遺灰
遺灰	一般遺灰	はぐれ狼の遺灰
遺灰	一般遺灰	腐った野犬の遺灰
遺灰	一般遺灰	大ネズミの遺灰
遺灰	一般遺灰	戦鷹の遺灰
遺灰	一般遺灰	陸ほやの遺灰
遺灰	一般遺灰	霊クラゲの遺灰
遺灰	一般遺灰	小ミランダの遺灰
遺灰	一般遺灰	蜘蛛サソリの遺灰
遺灰	一般遺灰	ユビムシの遺灰
遺灰	一般遺灰	牙鬼インプの遺灰
遺灰	一般遺灰	大口インプの遺灰
遺灰	一般遺灰	墓守鳥の遺灰
遺灰	一般遺灰	特攻野郎たちの遺灰
遺灰	一般遺灰	弓兵の遺灰
遺灰	一般遺灰	大盾兵の遺灰
遺灰	一般遺灰	小姓の遺灰
遺灰	一般遺灰	卑兵の遺灰
遺灰	一般遺灰	人形兵の遺灰
遺灰	一般遺灰	鳥人形兵の遺灰
遺灰	一般遺灰	カイデンの傭兵の遺灰
遺灰	一般遺灰	かぼちゃの狂兵の遺灰
遺灰	一般遺灰	火の僧兵の遺灰
遺灰	一般遺灰	祖霊の民の遺灰
遺灰	一般遺灰	角の戦士の遺灰
遺灰	一般遺灰	アズラの獣人の遺灰
遺灰	一般遺灰	蛇人の遺灰
遺灰	一般遺灰	結晶人の遺灰
遺灰	一般遺灰	腐敗の眷属の遺灰
遺灰	一般遺灰	血鬼の呪術師の遺灰
遺灰	一般遺灰	輝石魔術師の遺灰
遺灰	一般遺灰	双賢魔術師の遺灰
遺灰	一般遺灰	責問官の遺灰
遺灰	一般遺灰	ゴドリック兵の遺灰
遺灰	一般遺灰	レアルカリア兵の遺灰
遺灰	一般遺灰	ローデイル兵の遺灰
遺灰	一般遺灰	ラダーン兵の遺灰
遺灰	一般遺灰	聖樹兵の遺灰
遺灰	一般遺灰	霊廟兵の遺灰
遺灰	一般遺灰	メスメル兵の遺灰
遺灰	特別な遺灰（名前付きの遺灰）	嵐の鷹、ディーネ
遺灰	特別な遺灰（名前付きの遺灰）	失地騎士、オレグ
遺灰	特別な遺灰（名前付きの遺灰）	失地騎士、イングヴァル
遺灰	特別な遺灰（名前付きの遺灰）	猟犬騎士、フロー
遺灰	特別な遺灰（名前付きの遺灰）	黒騎士の副長、ヒュー
遺灰	特別な遺灰（名前付きの遺灰）	黒騎士長、アンドレアス
遺灰	特別な遺灰（名前付きの遺灰）	火の騎士、ヒルド
遺灰	特別な遺灰（名前付きの遺灰）	火の騎士、クウィライン
遺灰	特別な遺灰（名前付きの遺灰）	夜の剣士、ヨラーン
遺灰	特別な遺灰（名前付きの遺灰）	ヨラーンとアンナ
遺灰	特別な遺灰（名前付きの遺灰）	戦魔術師、ユーグ
遺灰	特別な遺灰（名前付きの遺灰）	しろがねのラティナ
遺灰	特別な遺灰（名前付きの遺灰）	調香師、トリシャ
遺灰	特別な遺灰（名前付きの遺灰）	堕落調香師、カルマーン
遺灰	特別な遺灰（名前付きの遺灰）	忌み潰しのロロ
遺灰	特別な遺灰（名前付きの遺灰）	黒炎僧兵、アモン
遺灰	特別な遺灰（名前付きの遺灰）	呪剣士ミラ
遺灰	特別な遺灰（名前付きの遺灰）	亜人の剣士、ヨシ
遺灰	特別な遺灰（名前付きの遺灰）	古竜の騎士、クリストフ
遺灰	特別な遺灰（名前付きの遺灰）	赤獅子騎士、オウガ
遺灰	特別な遺灰（名前付きの遺灰）	首なし騎士、ルーテル
遺灰	特別な遺灰（名前付きの遺灰）	貴腐の騎士、フィンレイ
遺灰	特別な遺灰（名前付きの遺灰）	黒き刃、ティシー
遺灰	特別な遺灰（名前付きの遺灰）	神鳥の戦士、オルニス
遺灰	特別な遺灰（名前付きの遺灰）	鍛冶ゴーレム、テウル
遺灰	特別な遺灰（名前付きの遺灰）	古竜フローサクス
遺灰	特別な遺灰（名前付きの遺灰）	写し身の雫の遺灰
遺灰	傀儡	指巫女サロリナの傀儡
遺灰	傀儡	壺男の傀儡
遺灰	傀儡	眠りのドローレスの傀儡
遺灰	傀儡	ネフェリ・ルーの傀儡
遺灰	傀儡	糞喰いの傀儡
遺灰	傀儡	夜巫女と剣士の傀儡
アイテム製作素材	生物系	そぎ肉
アイテム製作素材	生物系	白そぎ肉
アイテム製作素材	生物系	獣肝
アイテム製作素材	生物系	獣肉の塊
アイテム製作素材	生物系	亀の首肉
アイテム製作素材	生物系	獣血
アイテム製作素材	生物系	しろがねの凝血
アイテム製作素材	生物系	角の芽
アイテム製作素材	生物系	古牙
アイテム製作素材	生物系	風切羽
アイテム製作素材	生物系	嵐鷹の羽
アイテム製作素材	生物系	四指の鳥脚
アイテム製作素材	生物系	睡卵
アイテム製作素材	生物系	蟹たま
アイテム製作素材	生物系	蛸たま
アイテム製作素材	生物系	細い獣骨
アイテム製作素材	生物系	太い獣骨
アイテム製作素材	生物系	人骨の欠片
アイテム製作素材	生物系	大トンボの頭
アイテム製作素材	生物系	金色ホタル
アイテム製作素材	生物系	銀色ホタル
アイテム製作素材	生物系	輝石ホタル
アイテム製作素材	生物系	燻り蝶
アイテム製作素材	生物系	エオニアの蝶
アイテム製作素材	生物系	幼生蝶
アイテム製作素材	生物系	黄金百足
アイテム製作素材	生物系	生き壺の破片
アイテム製作素材	生物系	銀雫の殻
アイテム製作素材	生物系	金の排泄物
アイテム製作素材	生物系	血の混じった排泄物
アイテム製作素材	生物系	黄色い残り火
アイテム製作素材	植物・菌類系	ロアの実
アイテム製作素材	植物・菌類系	黄金のロア
アイテム製作素材	植物・菌類系	ロアの原種
アイテム製作素材	植物・菌類系	ヘルバ
アイテム製作素材	植物・菌類系	夜露のヘルバ
アイテム製作素材	植物・菌類系	アルテリアの葉
アイテム製作素材	植物・菌類系	キノコ
アイテム製作素材	植物・菌類系	毒カビキノコ
アイテム製作素材	植物・菌類系	蕩けたキノコ
アイテム製作素材	植物・菌類系	落葉花
アイテム製作素材	植物・菌類系	変色した落葉花
アイテム製作素材	植物・菌類系	火の花
アイテム製作素材	植物・菌類系	毒花
アイテム製作素材	植物・菌類系	雷花
アイテム製作素材	植物・菌類系	アルタスの花
アイテム製作素材	植物・菌類系	血の薔薇
アイテム製作素材	植物・菌類系	墓紫
アイテム製作素材	植物・菌類系	色褪せた金輪草
アイテム製作素材	植物・菌類系	金輪草
アイテム製作素材	植物・菌類系	トリーナのスイレン
アイテム製作素材	植物・菌類系	ミケラのスイレン
アイテム製作素材	植物・菌類系	結晶の木の芽
アイテム製作素材	植物・菌類系	氷結晶の木の芽
アイテム製作素材	植物・菌類系	聖血の木の芽
アイテム製作素材	植物・菌類系	イエロの瞳
アイテム製作素材	植物・菌類系	ミランダパウダー
アイテム製作素材	植物・菌類系	根脂
アイテム製作素材	植物・菌類系	洞窟苔
アイテム製作素材	植物・菌類系	洞窟苔の花芽
アイテム製作素材	植物・菌類系	洞窟苔の結晶
アイテム製作素材	その他	紐
アイテム製作素材	その他	神殿石
アイテム製作素材	その他	壊れた結晶
アイテム製作素材	その他	火山石
アイテム製作素材	その他	蟻酸石
アイテム製作素材	その他	さざれ石
アイテム製作素材	生物系	獣の角
アイテム製作素材	生物系	霊結石
アイテム製作素材	生物系	サソリの肝
アイテム製作素材	生物系	蠅カビ
アイテム製作素材	生物系	真珠色のウロコ
アイテム製作素材	生物系	メスメルの残り火
アイテム製作素材	生物系	黒火蝶
アイテム製作素材	生物系	輝塊ホタル
アイテム製作素材	生物系	毒コケムシ
アイテム製作素材	生物系	凍り付いた蛆虫
アイテム製作素材	生物系	ほおずき虫
アイテム製作素材	生物系	墓鈴虫
アイテム製作素材	生物系	墓守の頭蓋
アイテム製作素材	生物系	凝固した泥濘
アイテム製作素材	生物系	祝福された骨片
アイテム製作素材	生物系	角混じりの排泄物
アイテム製作素材	生物系	膨れたブドウ
アイテム製作素材	植物・菌類系	ラダの実
アイテム製作素材	植物・菌類系	玉露
アイテム製作素材	植物・菌類系	赤肉キノコ
アイテム製作素材	植物・菌類系	白肉キノコ
アイテム製作素材	植物・菌類系	指擬き
アイテム製作素材	植物・菌類系	黄雷花
アイテム製作素材	植物・菌類系	赤雷花
アイテム製作素材	植物・菌類系	霊炎花
アイテム製作素材	植物・菌類系	影輪草
アイテム製作素材	植物・菌類系	朱い蕾
アイテム製作素材	植物・菌類系	血のアマリリス
アイテム製作素材	植物・菌類系	竜熱花
アイテム製作素材	植物・菌類系	深紫のスイレン
アイテム製作素材	植物・菌類系	蜜血の木の芽
アイテム製作素材	植物・菌類系	神血の木の芽
アイテム製作素材	植物・菌類系	瘤脂
アイテム製作素材	その他	霊墓石
アイテム製作素材	その他	ガス石
アイテム製作素材	その他	爪石
アイテム製作素材	その他	尖ったさざれ石
アイテム製作素材	その他	ラウフの巣穴
アイテム製作素材	その他	焼炉の面
強化素材	聖杯瓶の強化素材	聖杯の雫
強化素材	聖杯瓶の強化素材	黄金の種子
強化素材	影の地の加護の強化素材	影樹の破片
強化素材	影の地の加護の強化素材	霊灰
強化素材	武器の強化素材	鍛石【1】
強化素材	武器の強化素材	鍛石【2】
強化素材	武器の強化素材	鍛石【3】
強化素材	武器の強化素材	鍛石【4】
強化素材	武器の強化素材	鍛石【5】
強化素材	武器の強化素材	鍛石【6】
強化素材	武器の強化素材	鍛石【7】
強化素材	武器の強化素材	鍛石【8】
強化素材	武器の強化素材	古竜岩の鍛石
強化素材	武器の強化素材	喪色の鍛石【1】
強化素材	武器の強化素材	喪色の鍛石【2】
強化素材	武器の強化素材	喪色の鍛石【3】
強化素材	武器の強化素材	喪色の鍛石【4】
強化素材	武器の強化素材	喪色の鍛石【5】
強化素材	武器の強化素材	喪色の鍛石【6】
強化素材	武器の強化素材	喪色の鍛石【7】
強化素材	武器の強化素材	喪色の鍛石【8】
強化素材	武器の強化素材	喪色の鍛石【9】
強化素材	武器の強化素材	古竜岩の喪色鍛石
強化素材	遺灰の強化素材	墓すずらん【1】
強化素材	遺灰の強化素材	墓すずらん【2】
強化素材	遺灰の強化素材	墓すずらん【3】
強化素材	遺灰の強化素材	墓すずらん【4】
強化素材	遺灰の強化素材	墓すずらん【5】
強化素材	遺灰の強化素材	墓すずらん【6】
強化素材	遺灰の強化素材	墓すずらん【7】
強化素材	遺灰の強化素材	墓すずらん【8】
強化素材	遺灰の強化素材	墓すずらん【9】
強化素材	遺灰の強化素材	墓すずらんの大輪
強化素材	遺灰の強化素材	霊姿の墓すずらん【1】
強化素材	遺灰の強化素材	霊姿の墓すずらん【2】
強化素材	遺灰の強化素材	霊姿の墓すずらん【3】
強化素材	遺灰の強化素材	霊姿の墓すずらん【4】
強化素材	遺灰の強化素材	霊姿の墓すずらん【5】
強化素材	遺灰の強化素材	霊姿の墓すずらん【6】
強化素材	遺灰の強化素材	霊姿の墓すずらん【7】
強化素材	遺灰の強化素材	霊姿の墓すずらん【8】
強化素材	遺灰の強化素材	霊姿の墓すずらん【9】
強化素材	遺灰の強化素材	霊姿すずらんの大輪
貴重品	大ルーン	ゴドリックの大ルーン
貴重品	大ルーン	ライカードの大ルーン
貴重品	大ルーン	ラダーンの大ルーン
貴重品	大ルーン	モーゴットの大ルーン
貴重品	大ルーン	モーグの大ルーン
貴重品	大ルーン	マレニアの大ルーン
貴重品	大ルーン	産まれなき者の大ルーン
貴重品	結晶雫	緋色の結晶雫
貴重品	結晶雫	緋溢れの結晶雫
貴重品	結晶雫	緋湧きの結晶雫
貴重品	結晶雫	緋湧きの枯れ雫
貴重品	結晶雫	青色の結晶雫
貴重品	結晶雫	緑溢れの結晶雫
貴重品	結晶雫	緑湧きの結晶雫
貴重品	結晶雫	筋力瘤の結晶雫
貴重品	結晶雫	技量瘤の結晶雫
貴重品	結晶雫	知力瘤の結晶雫
貴重品	結晶雫	信仰瘤の結晶雫
貴重品	結晶雫	真珠色の硬雫
貴重品	結晶雫	斑彩色の硬雫
貴重品	結晶雫	鉛色の硬雫
貴重品	結晶雫	弾く硬雫
貴重品	結晶雫	魔力纏いの割れ雫
貴重品	結晶雫	炎纏いの割れ雫
貴重品	結晶雫	雷纏いの割れ雫
貴重品	結晶雫	聖纏いの割れ雫
貴重品	結晶雫	岩棘の割れ雫
貴重品	結晶雫	大棘の割れ雫
貴重品	結晶雫	連棘の割れ雫
貴重品	結晶雫	緋吸いの割れ雫
貴重品	結晶雫	青吸いの割れ雫
貴重品	結晶雫	吸血の割れ雫
貴重品	結晶雫	細枝の割れ雫
貴重品	結晶雫	羽の結晶雫
貴重品	結晶雫	風の結晶雫
貴重品	結晶雫	すずらんの結晶雫
貴重品	結晶雫	緋色の泡雫
貴重品	結晶雫	緋色渦の泡雫
貴重品	結晶雫	真珠色の泡雫
貴重品	結晶雫	青色の秘雫
貴重品	結晶雫	緑色の秘雫
貴重品	結晶雫	浄血の結晶雫
貴重品	結晶雫	破裂した結晶雫
貴重品	結晶雫	油ぎった雫
貴重品	容器/記憶・タリスマンスロット	ヒビ壺
貴重品	容器/記憶・タリスマンスロット	儀式壺
貴重品	容器/記憶・タリスマンスロット	ヒビ大壺
貴重品	容器/記憶・タリスマンスロット	調香瓶
貴重品	容器/記憶・タリスマンスロット	メモリ・ストーン
貴重品	容器/記憶・タリスマンスロット	お守り袋
貴重品	鍵関連/重要アイテム	完全律の修復ルーン
貴重品	鍵関連/重要アイテム	死王子の修復ルーン
貴重品	鍵関連/重要アイテム	忌み呪いの修復ルーン
貴重品	鍵関連/重要アイテム	石剣の鍵
貴重品	鍵関連/重要アイテム	魔石剣の鍵
貴重品	鍵関連/重要アイテム	錆びた鍵
貴重品	鍵関連/重要アイテム	客間の鍵
貴重品	鍵関連/重要アイテム	下水牢の鍵
貴重品	鍵関連/重要アイテム	捨てられた王家の鍵
貴重品	鍵関連/重要アイテム	学院の輝石鍵
貴重品	鍵関連/重要アイテム	サリアの封印鍵
貴重品	鍵関連/重要アイテム	カーリアの逆さ像
貴重品	鍵関連/重要アイテム	デクタスの割符（左）
貴重品	鍵関連/重要アイテム	デクタスの割符（右）
貴重品	鍵関連/重要アイテム	ロルドの割符
貴重品	鍵関連/重要アイテム	聖樹の秘割符（左）
貴重品	鍵関連/重要アイテム	聖樹の秘割符（右）
貴重品	鍵関連/重要アイテム	井戸底の鍵
貴重品	鍵関連/重要アイテム	倉庫の鍵
貴重品	鍵関連/重要アイテム	祈りの間の鍵
貴重品	鍵関連/重要アイテム	牢獄上層の鍵
貴重品	鍵関連/重要アイテム	牢獄下層の鍵
貴重品	特殊/NPCイベント用	蛹たちの形見
貴重品	特殊/NPCイベント用	嵐鷹の古王
貴重品	特殊/NPCイベント用	イレーナの手紙
貴重品	特殊/NPCイベント用	シャブリリのブドウ
貴重品	特殊/NPCイベント用	指痕のブドウ
貴重品	特殊/NPCイベント用	無垢金の針
貴重品	特殊/NPCイベント用	戦乙女の義手
貴重品	特殊/NPCイベント用	蝕まれた短剣
貴重品	特殊/NPCイベント用	ラーヤの首飾り
貴重品	特殊/NPCイベント用	蛇の羊膜
貴重品	特殊/NPCイベント用	忘却の秘薬
貴重品	特殊/NPCイベント用	踊り子の打楽器
貴重品	特殊/NPCイベント用	血の君主の誓布
貴重品	特殊/NPCイベント用	黒き刃の刻印
貴重品	特殊/NPCイベント用	死の呪痕
貴重品	特殊/NPCイベント用	苗床の呪い
貴重品	特殊/NPCイベント用	セルブスの精薬
貴重品	特殊/NPCイベント用	セルブスの紹介状
貴重品	特殊/NPCイベント用	琥珀の星光
貴重品	特殊/NPCイベント用	琥珀色の精薬
貴重品	特殊/NPCイベント用	指殺しの刃
貴重品	特殊/NPCイベント用	小さなラニ
貴重品	特殊/NPCイベント用	暗月の指輪
貴重品	特殊/NPCイベント用	セレンの原輝石
貴重品	特殊/NPCイベント用	アレキサンダーの中身
貴重品	特殊/NPCイベント用	死の根
貴重品	特殊/NPCイベント用	獣の瞳
貴重品	特殊/NPCイベント用	竜の心臓
貴重品	特殊/NPCイベント用	ベールの心臓
貴重品	特殊/NPCイベント用	喪失の戦灰
貴重品	特殊/NPCイベント用	星の雫
貴重品	特殊/NPCイベント用	雫の幼生
貴重品	特殊/NPCイベント用	黒いシロップ
貴重品	特殊/NPCイベント用	秘儀の巻物
貴重品	特殊/NPCイベント用	フレイヤへの手紙
貴重品	特殊/NPCイベント用	穴石のネックレス
貴重品	特殊/NPCイベント用	エーゴンの鉤指
貴重品	特殊/NPCイベント用	メスメルの種火
貴重品	アイテム製作関連	ツール鞄
貴重品	アイテム製作関連	放浪戦士の製法書【1】
貴重品	アイテム製作関連	放浪戦士の製法書【2】
貴重品	アイテム製作関連	放浪戦士の製法書【3】
貴重品	アイテム製作関連	放浪戦士の製法書【4】
貴重品	アイテム製作関連	放浪戦士の製法書【5】
貴重品	アイテム製作関連	放浪戦士の製法書【6】
貴重品	アイテム製作関連	放浪戦士の製法書【7】
貴重品	アイテム製作関連	放浪戦士の製法書【8】
貴重品	アイテム製作関連	放浪戦士の製法書【9】
貴重品	アイテム製作関連	放浪戦士の製法書【10】
貴重品	アイテム製作関連	放浪戦士の製法書【11】
貴重品	アイテム製作関連	放浪戦士の製法書【12】
貴重品	アイテム製作関連	放浪戦士の製法書【13】
貴重品	アイテム製作関連	放浪戦士の製法書【14】
貴重品	アイテム製作関連	放浪戦士の製法書【15】
貴重品	アイテム製作関連	放浪戦士の製法書【16】
貴重品	アイテム製作関連	放浪戦士の製法書【17】
貴重品	アイテム製作関連	放浪戦士の製法書【18】
貴重品	アイテム製作関連	放浪戦士の製法書【19】
貴重品	アイテム製作関連	放浪戦士の製法書【20】
貴重品	アイテム製作関連	放浪戦士の製法書【21】
貴重品	アイテム製作関連	放浪戦士の製法書【22】
貴重品	アイテム製作関連	放浪戦士の製法書【23】
貴重品	アイテム製作関連	放浪戦士の製法書【24】
貴重品	アイテム製作関連	武具職人の製法書【1】
貴重品	アイテム製作関連	武具職人の製法書【2】
貴重品	アイテム製作関連	武具職人の製法書【3】
貴重品	アイテム製作関連	武具職人の製法書【4】
貴重品	アイテム製作関連	武具職人の製法書【5】
貴重品	アイテム製作関連	武具職人の製法書【6】
貴重品	アイテム製作関連	武具職人の製法書【7】
貴重品	アイテム製作関連	輝石職人の製法書【1】
貴重品	アイテム製作関連	輝石職人の製法書【2】
貴重品	アイテム製作関連	輝石職人の製法書【3】
貴重品	アイテム製作関連	輝石職人の製法書【4】
貴重品	アイテム製作関連	輝石職人の製法書【5】
貴重品	アイテム製作関連	輝石職人の製法書【6】
貴重品	アイテム製作関連	輝石職人の製法書【7】
貴重品	アイテム製作関連	輝石職人の製法書【8】
貴重品	アイテム製作関連	宣教師の製法書【1】
貴重品	アイテム製作関連	宣教師の製法書【2】
貴重品	アイテム製作関連	宣教師の製法書【3】
貴重品	アイテム製作関連	宣教師の製法書【4】
貴重品	アイテム製作関連	宣教師の製法書【5】
貴重品	アイテム製作関連	宣教師の製法書【6】
貴重品	アイテム製作関連	宣教師の製法書【7】
貴重品	アイテム製作関連	古竜信徒の製法書【1】
貴重品	アイテム製作関連	古竜信徒の製法書【2】
貴重品	アイテム製作関連	古竜信徒の製法書【3】
貴重品	アイテム製作関連	古竜信徒の製法書【4】
貴重品	アイテム製作関連	調香師の製法書【1】
貴重品	アイテム製作関連	調香師の製法書【2】
貴重品	アイテム製作関連	調香師の製法書【3】
貴重品	アイテム製作関連	調香師の製法書【4】
貴重品	アイテム製作関連	ファリスの製法書【1】
貴重品	アイテム製作関連	ファリスの製法書【2】
貴重品	アイテム製作関連	ファリスの製法書【3】
貴重品	アイテム製作関連	病み人の製法書【1】
貴重品	アイテム製作関連	病み人の製法書【2】
貴重品	アイテム製作関連	大壺師の製法書【1】
貴重品	アイテム製作関連	大壺師の製法書【2】
貴重品	アイテム製作関連	大壺師の製法書【3】
貴重品	アイテム製作関連	大壺師の製法書【4】
貴重品	アイテム製作関連	大壺師の製法書【5】
貴重品	アイテム製作関連	大壺師の製法書【6】
貴重品	アイテム製作関連	大壺師の製法書【7】
貴重品	アイテム製作関連	大壺師の製法書【8】
貴重品	アイテム製作関連	大壺師の製法書【9】
貴重品	アイテム製作関連	大壺師の製法書【10】
貴重品	アイテム製作関連	大壺師の製法書【11】
貴重品	アイテム製作関連	大壺師の製法書【12】
貴重品	アイテム製作関連	大壺師の製法書【13】
貴重品	アイテム製作関連	大壺師の製法書【14】
貴重品	アイテム製作関連	従騎士の製法書
貴重品	アイテム製作関連	火の騎士の製法書【1】
貴重品	アイテム製作関連	火の騎士の製法書【2】
貴重品	アイテム製作関連	従軍司祭の製法書【1】
貴重品	アイテム製作関連	従軍司祭の製法書【2】
貴重品	アイテム製作関連	従軍司祭の製法書【3】
貴重品	アイテム製作関連	従軍司祭の製法書【4】
貴重品	アイテム製作関連	古竜騎士の製法書【1】
貴重品	アイテム製作関連	古竜騎士の製法書【2】
貴重品	アイテム製作関連	トリーナ信徒の製法書【1】
貴重品	アイテム製作関連	トリーナ信徒の製法書【2】
貴重品	アイテム製作関連	トリーナ信徒の製法書【3】
貴重品	アイテム製作関連	狂った職人の製法書【1】
貴重品	アイテム製作関連	狂った職人の製法書【2】
貴重品	アイテム製作関連	狂った職人の製法書【3】
貴重品	アイテム製作関連	墓守の製法書【1】
貴重品	アイテム製作関連	墓守の製法書【2】
貴重品	アイテム製作関連	ティビアの製法書
貴重品	アイテム製作関連	指追いの製法書【1】
貴重品	アイテム製作関連	指追いの製法書【2】
貴重品	アイテム製作関連	考古学者の製法書【1】
貴重品	アイテム製作関連	考古学者の製法書【2】
貴重品	アイテム製作関連	拾い虫の製法書【1】
貴重品	アイテム製作関連	拾い虫の製法書【2】
貴重品	アイテム製作関連	拾い虫の製法書【3】
貴重品	アイテム製作関連	拾い虫の製法書【4】
貴重品	アイテム製作関連	拾い虫の製法書【5】
貴重品	アイテム製作関連	拾い虫の製法書【6】
貴重品	アイテム製作関連	拾い虫の製法書【7】
貴重品	アイテム製作関連	エーゴンの製法書【1】
貴重品	アイテム製作関連	エーゴンの製法書【2】
貴重品	遺灰・裁縫関連	霊喚びの鈴
貴重品	遺灰・裁縫関連	縫い針
貴重品	遺灰・裁縫関連	裁縫道具
貴重品	遺灰・裁縫関連	黄金の縫い針
貴重品	遺灰・裁縫関連	黄金の裁縫道具
貴重品	砥石刃関連	砥石の小刀
貴重品	砥石刃関連	鉄の砥石刃
貴重品	砥石刃関連	輝石の砥石刃
貴重品	砥石刃関連	灼けた砥石刃
貴重品	砥石刃関連	聖なる砥石刃
貴重品	砥石刃関連	黒い砥石刃
貴重品	地図断片	地図断片：リムグレイブ西部
貴重品	地図断片	地図断片：リムグレイブ東部
貴重品	地図断片	地図断片：啜り泣きの半島
貴重品	地図断片	地図断片：リエーニエ西部
貴重品	地図断片	地図断片：リエーニエ東部
貴重品	地図断片	地図断片：リエーニエ北部
貴重品	地図断片	地図断片：アルター高原
貴重品	地図断片	地図断片：王都ローデイル
貴重品	地図断片	地図断片：ゲルミア火山
貴重品	地図断片	地図断片：ケイリッド
貴重品	地図断片	地図断片：竜塚
貴重品	地図断片	地図断片：巨人山嶺西部
貴重品	地図断片	地図断片：巨人山嶺東部
貴重品	地図断片	地図断片：聖別雪原
貴重品	地図断片	地図断片：エインセル河
貴重品	地図断片	地図断片：腐れ湖
貴重品	地図断片	地図断片：シーフラ河
貴重品	地図断片	地図断片：モーグウィン王朝
貴重品	地図断片	地図断片：深き根の底
貴重品	地図断片	地図断片：墓地平原
貴重品	地図断片	地図断片：影のアルター
貴重品	地図断片	地図断片：南海岸
貴重品	地図断片	地図断片：ラウフの古遺跡
貴重品	地図断片	地図断片：奈落
貴重品	鈴玉	鍛石掘りの鈴玉【1】
貴重品	鈴玉	鍛石掘りの鈴玉【2】
貴重品	鈴玉	鍛石掘りの鈴玉【3】
貴重品	鈴玉	鍛石掘りの鈴玉【4】
貴重品	鈴玉	喪色掘りの鈴玉【1】
貴重品	鈴玉	喪色掘りの鈴玉【2】
貴重品	鈴玉	喪色掘りの鈴玉【3】
貴重品	鈴玉	喪色掘りの鈴玉【4】
貴重品	鈴玉	喪色掘りの鈴玉【5】
貴重品	鈴玉	すずらん摘みの鈴玉【1】
貴重品	鈴玉	すずらん摘みの鈴玉【2】
貴重品	鈴玉	すずらん摘みの鈴玉【3】
貴重品	鈴玉	霊姿摘みの鈴玉【1】
貴重品	鈴玉	霊姿摘みの鈴玉【2】
貴重品	鈴玉	霊姿摘みの鈴玉【3】
貴重品	鈴玉	骨売りの鈴玉
貴重品	鈴玉	肉売りの鈴玉
貴重品	鈴玉	薬売りの鈴玉
貴重品	鈴玉	重力売りの鈴玉
貴重品	鈴玉	草売りの鈴玉
貴重品	鈴玉	キノコ売りの鈴玉【1】
貴重品	鈴玉	キノコ売りの鈴玉【2】
貴重品	鈴玉	紐売りの鈴玉
貴重品	鈴玉	カビ売りの鈴玉
貴重品	鈴玉	脂売りの鈴玉
貴重品	鈴玉	魔術技師の鈴玉
貴重品	鈴玉	放浪商人の鈴玉【1】
貴重品	鈴玉	放浪商人の鈴玉【2】
貴重品	鈴玉	放浪商人の鈴玉【3】
貴重品	鈴玉	放浪商人の鈴玉【4】
貴重品	鈴玉	放浪商人の鈴玉【5】
貴重品	鈴玉	放浪商人の鈴玉【6】
貴重品	鈴玉	放浪商人の鈴玉【7】
貴重品	鈴玉	放浪商人の鈴玉【8】
貴重品	鈴玉	放浪商人の鈴玉【9】
貴重品	鈴玉	放浪商人の鈴玉【10】
貴重品	鈴玉	カーレの鈴玉
貴重品	鈴玉	隠遁商人の鈴玉【1】
貴重品	鈴玉	隠遁商人の鈴玉【2】
貴重品	鈴玉	隠遁商人の鈴玉【3】
貴重品	鈴玉	世捨て商人の鈴玉【1】
貴重品	鈴玉	世捨て商人の鈴玉【2】
貴重品	鈴玉	世捨て商人の鈴玉【3】
貴重品	鈴玉	取り残された商人の鈴玉
貴重品	鈴玉	囚われ商人の鈴玉
貴重品	鈴玉	ロジェールの鈴玉
貴重品	鈴玉	セレンの鈴玉
貴重品	鈴玉	Dの鈴玉
貴重品	鈴玉	コリンの鈴玉
貴重品	鈴玉	パッチの鈴玉
貴重品	鈴玉	ベルナールの鈴玉
貴重品	鈴玉	ゴストークの鈴玉
貴重品	鈴玉	トープスの鈴玉
貴重品	鈴玉	ならず者の鈴玉
貴重品	鈴玉	ミリエルの鈴玉
貴重品	鈴玉	イジーの鈴玉
貴重品	鈴玉	セルブスの鈴玉
貴重品	鈴玉	ピディの鈴玉
貴重品	鈴玉	ゴーリーの鈴玉
貴重品	鈴玉	ムーアの鈴玉
貴重品	鈴玉	ユミルの鈴玉
貴重品	鈴玉	エーゴンの鈴玉
貴重品	スクロール・祈祷書	王家のスクロール
貴重品	スクロール・祈祷書	学院のスクロール
貴重品	スクロール・祈祷書	教室のスクロール
貴重品	スクロール・祈祷書	暗部の祈祷書
貴重品	スクロール・祈祷書	竜信仰の祈祷書
貴重品	スクロール・祈祷書	火の僧兵の祈祷書
貴重品	スクロール・祈祷書	神肌の祈祷書
貴重品	スクロール・祈祷書	二本指の祈祷書
貴重品	スクロール・祈祷書	黄金律原論
貴重品	スクロール・祈祷書	巨人の祈祷書
貴重品	スクロール・祈祷書	古き竜の祈祷書
魔術	レアルカリアの輝石魔術 / 源流魔術	輝石のつぶて
魔術	レアルカリアの輝石魔術 / 源流魔術	輝石の速つぶて
魔術	レアルカリアの輝石魔術 / 源流魔術	輝石の大つぶて
魔術	レアルカリアの輝石魔術 / 源流魔術	輝石の彗星
魔術	レアルカリアの輝石魔術 / 源流魔術	ほうき星
魔術	レアルカリアの輝石魔術 / 源流魔術	渦巻くつぶて
魔術	レアルカリアの輝石魔術 / 源流魔術	輝石の流星
魔術	レアルカリアの輝石魔術 / 源流魔術	流星群
魔術	レアルカリアの輝石魔術 / 源流魔術	輝石のアーク
魔術	レアルカリアの輝石魔術 / 源流魔術	結晶連弾
魔術	レアルカリアの輝石魔術 / 源流魔術	結晶散弾
魔術	レアルカリアの輝石魔術 / 源流魔術	ハイマの砲丸
魔術	レアルカリアの輝石魔術 / 源流魔術	ハイマの大槌
魔術	レアルカリアの輝石魔術 / 源流魔術	岩盤砕き
魔術	レアルカリアの輝石魔術 / 源流魔術	岩盤発破
魔術	レアルカリアの輝石魔術 / 源流魔術	魔力の武器
魔術	レアルカリアの輝石魔術 / 源流魔術	魔力の盾
魔術	レアルカリアの輝石魔術 / 源流魔術	星灯り
魔術	レアルカリアの輝石魔術 / 源流魔術	魔術の地
魔術	レアルカリアの輝石魔術 / 源流魔術	トープスの力場
魔術	レアルカリアの輝石魔術 / 源流魔術	彗星アズール
魔術	レアルカリアの輝石魔術 / 源流魔術	滅びの流星
魔術	レアルカリアの輝石魔術 / 源流魔術	創星雨
魔術	カーリア王家の魔術	魔術の輝剣
魔術	カーリア王家の魔術	魔術の三輝剣
魔術	カーリア王家の魔術	輝剣の円陣
魔術	カーリア王家の魔術	カーリアの円陣
魔術	カーリア王家の魔術	巨剣陣
魔術	カーリア王家の魔術	降り注ぐ魔力
魔術	カーリア王家の魔術	ローレッタの大弓
魔術	カーリア王家の魔術	ローレッタの絶技
魔術	カーリア王家の魔術	レナラの満月
魔術	カーリア王家の魔術	ラニの暗月
魔術	カーリア王家の魔術	カーリアの速剣
魔術	カーリア王家の魔術	カーリアの大剣
魔術	カーリア王家の魔術	カーリアの貫き
魔術	カーリア王家の魔術	アデューラの月の剣
魔術	カーリア王家の魔術	冷静
魔術	カーリア王家の魔術	カーリアの返報
魔術	カーリア王家の魔術	ミリアムの消失
魔術	カーリア王家の魔術	レラーナの双月
魔術	夜の魔術 / 溶岩の魔術	奇襲のつぶて
魔術	夜の魔術 / 溶岩の魔術	夜のつぶて
魔術	夜の魔術 / 溶岩の魔術	夜の彗星
魔術	夜の魔術 / 溶岩の魔術	夜巫女の霧
魔術	夜の魔術 / 溶岩の魔術	見えざる刃
魔術	夜の魔術 / 溶岩の魔術	見えざる姿
魔術	夜の魔術 / 溶岩の魔術	永遠の暗黒
魔術	夜の魔術 / 溶岩の魔術	溶岩弾
魔術	夜の魔術 / 溶岩の魔術	たぎる溶岩
魔術	夜の魔術 / 溶岩の魔術	ゲルミアの怒り
魔術	夜の魔術 / 溶岩の魔術	ライカードの怨霊
魔術	冷気の魔術 / 結晶人の魔術	輝石の氷塊
魔術	冷気の魔術 / 結晶人の魔術	氷の霧
魔術	冷気の魔術 / 結晶人の魔術	氷結の武器
魔術	冷気の魔術 / 結晶人の魔術	ザミェルの氷嵐
魔術	冷気の魔術 / 結晶人の魔術	砕け散る結晶
魔術	冷気の魔術 / 結晶人の魔術	放たれる結晶
魔術	冷気の魔術 / 結晶人の魔術	結晶の解放
魔術	重力の魔術 / 指の魔術 / 泥人たちの魔術 / 茨の魔術	重力弾
魔術	重力の魔術 / 指の魔術 / 泥人たちの魔術 / 茨の魔術	星砕き
魔術	重力の魔術 / 指の魔術 / 泥人たちの魔術 / 茨の魔術	引力弾
魔術	重力の魔術 / 指の魔術 / 泥人たちの魔術 / 茨の魔術	岩の刃
魔術	重力の魔術 / 指の魔術 / 泥人たちの魔術 / 茨の魔術	岩石弾
魔術	重力の魔術 / 指の魔術 / 泥人たちの魔術 / 茨の魔術	メテオライト
魔術	重力の魔術 / 指の魔術 / 泥人たちの魔術 / 茨の魔術	アステール・メテオ
魔術	重力の魔術 / 指の魔術 / 泥人たちの魔術 / 茨の魔術	輝石の爪
魔術	重力の魔術 / 指の魔術 / 泥人たちの魔術 / 茨の魔術	輝石の多爪
魔術	重力の魔術 / 指の魔術 / 泥人たちの魔術 / 茨の魔術	儚い小宇宙
魔術	重力の魔術 / 指の魔術 / 泥人たちの魔術 / 茨の魔術	守り指
魔術	重力の魔術 / 指の魔術 / 泥人たちの魔術 / 茨の魔術	神託のシャボン
魔術	重力の魔術 / 指の魔術 / 泥人たちの魔術 / 茨の魔術	神託の大シャボン
魔術	重力の魔術 / 指の魔術 / 泥人たちの魔術 / 茨の魔術	罪の茨
魔術	重力の魔術 / 指の魔術 / 泥人たちの魔術 / 茨の魔術	罰の茨
魔術	重力の魔術 / 指の魔術 / 泥人たちの魔術 / 茨の魔術	刺纏い
魔術	重力の魔術 / 指の魔術 / 泥人たちの魔術 / 茨の魔術	拒絶の刺
魔術	死の魔術 / 霊墓の番人の魔術 / 泥濘の魔術	怨霊呼び
魔術	死の魔術 / 霊墓の番人の魔術 / 泥濘の魔術	古き死の怨霊
魔術	死の魔術 / 霊墓の番人の魔術 / 泥濘の魔術	霊光輪
魔術	死の魔術 / 霊墓の番人の魔術 / 泥濘の魔術	爆ぜる霊炎
魔術	死の魔術 / 霊墓の番人の魔術 / 泥濘の魔術	フィアの霧
魔術	死の魔術 / 霊墓の番人の魔術 / 泥濘の魔術	ティビアの呼び声
魔術	死の魔術 / 霊墓の番人の魔術 / 泥濘の魔術	泥濘の塊
魔術	死の魔術 / 霊墓の番人の魔術 / 泥濘の魔術	泥濘の渦
祈祷	二本指の祈祷	性急な回復
祈祷	二本指の祈祷	回復
祈祷	二本指の祈祷	大回復
祈祷	二本指の祈祷	王たる回復
祈祷	二本指の祈祷	毒の治癒
祈祷	二本指の祈祷	王たる癒し
祈祷	二本指の祈祷	魔力防護
祈祷	二本指の祈祷	炎防護
祈祷	二本指の祈祷	雷防護
祈祷	二本指の祈祷	聖防護
祈祷	二本指の祈祷	王たる聖防護
祈祷	二本指の祈祷	拒絶
祈祷	二本指の祈祷	影送り
祈祷	二本指の祈祷	暗闇
祈祷	二本指の祈祷	暗部の歩法
祈祷	黄金樹信仰の祈祷 / 古い黄金樹の祈祷 / 黄金律原理主義の祈祷 / ミケラの祈祷	黄金樹に誓って
祈祷	黄金樹信仰の祈祷 / 古い黄金樹の祈祷 / 黄金律原理主義の祈祷 / ミケラの祈祷	黄金の魔力防護
祈祷	黄金樹信仰の祈祷 / 古い黄金樹の祈祷 / 黄金律原理主義の祈祷 / ミケラの祈祷	黄金の雷防護
祈祷	黄金樹信仰の祈祷 / 古い黄金樹の祈祷 / 黄金律原理主義の祈祷 / ミケラの祈祷	黄金樹の護り
祈祷	黄金樹信仰の祈祷 / 古い黄金樹の祈祷 / 黄金律原理主義の祈祷 / ミケラの祈祷	黄金の怒り
祈祷	黄金樹信仰の祈祷 / 古い黄金樹の祈祷 / 黄金律原理主義の祈祷 / ミケラの祈祷	彼方からの怒り
祈祷	黄金樹信仰の祈祷 / 古い黄金樹の祈祷 / 黄金律原理主義の祈祷 / ミケラの祈祷	彼方からの回復
祈祷	黄金樹信仰の祈祷 / 古い黄金樹の祈祷 / 黄金律原理主義の祈祷 / ミケラの祈祷	黄金樹の回復
祈祷	黄金樹信仰の祈祷 / 古い黄金樹の祈祷 / 黄金律原理主義の祈祷 / ミケラの祈祷	恵みの祝福
祈祷	黄金樹信仰の祈祷 / 古い黄金樹の祈祷 / 黄金律原理主義の祈祷 / ミケラの祈祷	黄金樹の恵み
祈祷	黄金樹信仰の祈祷 / 古い黄金樹の祈祷 / 黄金律原理主義の祈祷 / ミケラの祈祷	小黄金樹
祈祷	黄金樹信仰の祈祷 / 古い黄金樹の祈祷 / 黄金律原理主義の祈祷 / ミケラの祈祷	坩堝の諸相・喉袋
祈祷	黄金樹信仰の祈祷 / 古い黄金樹の祈祷 / 黄金律原理主義の祈祷 / ミケラの祈祷	坩堝の諸相・尾
祈祷	黄金樹信仰の祈祷 / 古い黄金樹の祈祷 / 黄金律原理主義の祈祷 / ミケラの祈祷	坩堝の諸相・角
祈祷	黄金樹信仰の祈祷 / 古い黄金樹の祈祷 / 黄金律原理主義の祈祷 / ミケラの祈祷	坩堝の諸相・針
祈祷	黄金樹信仰の祈祷 / 古い黄金樹の祈祷 / 黄金律原理主義の祈祷 / ミケラの祈祷	坩堝の諸相・花
祈祷	黄金樹信仰の祈祷 / 古い黄金樹の祈祷 / 黄金律原理主義の祈祷 / ミケラの祈祷	影の地
祈祷	黄金樹信仰の祈祷 / 古い黄金樹の祈祷 / 黄金律原理主義の祈祷 / ミケラの祈祷	エルデの流星
祈祷	黄金樹信仰の祈祷 / 古い黄金樹の祈祷 / 黄金律原理主義の祈祷 / ミケラの祈祷	黒き剣
祈祷	黄金樹信仰の祈祷 / 古い黄金樹の祈祷 / 黄金律原理主義の祈祷 / ミケラの祈祷	光輪
祈祷	黄金樹信仰の祈祷 / 古い黄金樹の祈祷 / 黄金律原理主義の祈祷 / ミケラの祈祷	三なる光輪
祈祷	黄金樹信仰の祈祷 / 古い黄金樹の祈祷 / 黄金律原理主義の祈祷 / ミケラの祈祷	ラダゴンの光輪
祈祷	黄金樹信仰の祈祷 / 古い黄金樹の祈祷 / 黄金律原理主義の祈祷 / ミケラの祈祷	重なり合う光輪
祈祷	黄金樹信仰の祈祷 / 古い黄金樹の祈祷 / 黄金律原理主義の祈祷 / ミケラの祈祷	死を正す聖律
祈祷	黄金樹信仰の祈祷 / 古い黄金樹の祈祷 / 黄金律原理主義の祈祷 / ミケラの祈祷	聖律の治癒
祈祷	黄金樹信仰の祈祷 / 古い黄金樹の祈祷 / 黄金律原理主義の祈祷 / ミケラの祈祷	聖律の剣
祈祷	黄金樹信仰の祈祷 / 古い黄金樹の祈祷 / 黄金律原理主義の祈祷 / ミケラの祈祷	不易の盾
祈祷	黄金樹信仰の祈祷 / 古い黄金樹の祈祷 / 黄金律原理主義の祈祷 / ミケラの祈祷	因果性原理
祈祷	黄金樹信仰の祈祷 / 古い黄金樹の祈祷 / 黄金律原理主義の祈祷 / ミケラの祈祷	回帰性原理
祈祷	ミケラの力	ミケラの光
祈祷	王都古竜信仰の祈祷	雷の槍
祈祷	王都古竜信仰の祈祷	騎士の雷槍
祈祷	王都古竜信仰の祈祷	雷撃
祈祷	王都古竜信仰の祈祷	狙いすます雷撃
祈祷	王都古竜信仰の祈祷	古竜の雷槍
祈祷	王都古竜信仰の祈祷	古竜の雷撃
祈祷	王都古竜信仰の祈祷	ランサクスの薙刀
祈祷	王都古竜信仰の祈祷	フォルサクスの雷槍
祈祷	王都古竜信仰の祈祷	氷の雷槍
祈祷	王都古竜信仰の祈祷	死の雷撃
祈祷	王都古竜信仰の祈祷	雷の武器
祈祷	王都古竜信仰の祈祷	帯電
祈祷	王都古竜信仰の祈祷	竜雷の加護
祈祷	王都古竜信仰の祈祷	ヴァイクの竜雷
祈祷	王都古竜信仰の祈祷	フローサクスの竜雷
祈祷	螺旋の祈祷 / 神鳥の戦士の技	黄金の弧
祈祷	螺旋の祈祷 / 神鳥の戦士の技	黄金の大弧
祈祷	螺旋の祈祷 / 神鳥の戦士の技	スピラ
祈祷	螺旋の祈祷 / 神鳥の戦士の技	守護霊
祈祷	螺旋の祈祷 / 神鳥の戦士の技	神鳥の羽
祈祷	螺旋の祈祷 / 神鳥の戦士の技	神獣竜巻
祈祷	火の祈祷 / 巨人の火の祈祷	火付け
祈祷	火の祈祷 / 巨人の火の祈祷	火よ！
祈祷	火の祈祷 / 巨人の火の祈祷	火投げ
祈祷	火の祈祷 / 巨人の火の祈祷	巨人の火をくらえ
祈祷	火の祈祷 / 巨人の火の祈祷	火よ、降り注げ
祈祷	火の祈祷 / 巨人の火の祈祷	悪神の火
祈祷	火の祈祷 / 巨人の火の祈祷	火よ、迸れ
祈祷	火の祈祷 / 巨人の火の祈祷	火よ、渦巻け
祈祷	火の祈祷 / 巨人の火の祈祷	火よ、焼き尽くせ！
祈祷	火の祈祷 / 巨人の火の祈祷	火の癒しよ
祈祷	火の祈祷 / 巨人の火の祈祷	火の護りよ
祈祷	火の祈祷 / 巨人の火の祈祷	火よ、力を！
祈祷	火の祈祷 / 巨人の火の祈祷	火の大罪
祈祷	メスメルの火の祈祷	火蛇
祈祷	メスメルの火の祈祷	火の雨
祈祷	メスメルの火の祈祷	メスメルの火球
祈祷	神狩りの祈祷 / 獣の祈祷 / 熊餐の祈祷	黒炎
祈祷	神狩りの祈祷 / 獣の祈祷 / 熊餐の祈祷	薙ぎ払う黒炎
祈祷	神狩りの祈祷 / 獣の祈祷 / 熊餐の祈祷	黒炎の儀式
祈祷	神狩りの祈祷 / 獣の祈祷 / 熊餐の祈祷	黒炎の刃
祈祷	神狩りの祈祷 / 獣の祈祷 / 熊餐の祈祷	黒炎の護り
祈祷	神狩りの祈祷 / 獣の祈祷 / 熊餐の祈祷	貴種の腹芸
祈祷	神狩りの祈祷 / 獣の祈祷 / 熊餐の祈祷	獣爪
祈祷	神狩りの祈祷 / 獣の祈祷 / 熊餐の祈祷	グラングの獣爪
祈祷	神狩りの祈祷 / 獣の祈祷 / 熊餐の祈祷	獣の石
祈祷	神狩りの祈祷 / 獣の祈祷 / 熊餐の祈祷	グラングの岩
祈祷	神狩りの祈祷 / 獣の祈祷 / 熊餐の祈祷	獣の頑健
祈祷	神狩りの祈祷 / 獣の祈祷 / 熊餐の祈祷	獣の生命
祈祷	神狩りの祈祷 / 獣の祈祷 / 熊餐の祈祷	ルガリアの咆哮
祈祷	血盟祈祷 / 腐敗の祈祷	蠅たかり
祈祷	血盟祈祷 / 腐敗の祈祷	血炎の爪痕
祈祷	血盟祈祷 / 腐敗の祈祷	アンスバッハの狂刃
祈祷	血盟祈祷 / 腐敗の祈祷	血授
祈祷	血盟祈祷 / 腐敗の祈祷	血炎の刃
祈祷	血盟祈祷 / 腐敗の祈祷	毒霧
祈祷	血盟祈祷 / 腐敗の祈祷	毒の刃
祈祷	血盟祈祷 / 腐敗の祈祷	蟲糸
祈祷	血盟祈祷 / 腐敗の祈祷	蟲糸の槍
祈祷	血盟祈祷 / 腐敗の祈祷	朱きエオニア
祈祷	血盟祈祷 / 腐敗の祈祷	腐敗の蝶
祈祷	狂い火の祈祷	狂い火
祈祷	狂い火の祈祷	堪えきれぬ狂い火
祈祷	狂い火の祈祷	ミドラーの狂い火
祈祷	狂い火の祈祷	空裂狂火
祈祷	狂い火の祈祷	シャブリリの叫び
祈祷	狂い火の祈祷	発狂伝染
祈祷	竜餐の祈祷	竜炎
祈祷	竜餐の祈祷	アギールの炎
祈祷	竜餐の祈祷	溶岩ブレス
祈祷	竜餐の祈祷	テオドリックスの溶岩
祈祷	竜餐の祈祷	輝石ブレス
祈祷	竜餐の祈祷	スマラグの輝石
祈祷	竜餐の祈祷	腐敗ブレス
祈祷	竜餐の祈祷	エグズキスの腐敗
祈祷	竜餐の祈祷	竜氷
祈祷	竜餐の祈祷	ボレアリスの氷霧
祈祷	竜餐の祈祷	霊炎ブレス
祈祷	竜餐の祈祷	プラキドサクスの滅び
祈祷	竜餐の祈祷	竜爪
祈祷	竜餐の祈祷	竜咬
祈祷	竜餐の祈祷	グレイオールの咆哮
祈祷	竜餐の祈祷	ベールの暴虐
祈祷	竜餐の祈祷	ベールの炎雷
戦灰	重厚系	戦灰「踏み込み（斬り上げ）」
戦灰	重厚系	戦灰「踏み込み（回転薙ぎ）」
戦灰	重厚系	戦灰「乱撃」
戦灰	重厚系	戦灰「獅子斬り」
戦灰	重厚系	戦灰「猛獅子斬り」
戦灰	重厚系	戦灰「岩石剣」
戦灰	重厚系	戦灰「重力回転突き」
戦灰	重厚系	戦灰「キック」
戦灰	重厚系	戦灰「我慢」
戦灰	重厚系	戦灰「ヒップドロップ」
戦灰	重厚系	戦灰「地揺らし」
戦灰	重厚系	戦灰「ホーラの地揺らし」
戦灰	重厚系	戦灰「ウォークライ」
戦灰	重厚系	戦灰「野蛮な咆哮」
戦灰	重厚系	戦灰「誇示する咆哮」
戦灰	重厚系	戦灰「トロルの咆哮」
戦灰	鋭利系	戦灰「回転斬り」
戦灰	鋭利系	戦灰「貫通突き」
戦灰	鋭利系	戦灰「死角の一撃」
戦灰	鋭利系	戦灰「速斬」
戦灰	鋭利系	戦灰「牙突き」
戦灰	鋭利系	戦灰「連続突き」
戦灰	鋭利系	戦灰「二連斬り」
戦灰	鋭利系	戦灰「剣舞」
戦灰	鋭利系	戦灰「居合」
戦灰	鋭利系	戦灰「大上段」
戦灰	鋭利系	戦灰「クイックステップ」
戦灰	鋭利系	戦灰「猟犬のステップ」
戦灰	鋭利系	戦灰「霧の猛禽」
戦灰	鋭利系	戦灰「獣の咆哮」
戦灰	鋭利系	戦灰「獣爪撃」
戦灰	鋭利系	戦灰「獣の急襲」
戦灰	鋭利系	戦灰「貫通投擲」
戦灰	鋭利系	戦灰「散弾投擲」
戦灰	上質系	戦灰「構え」
戦灰	上質系	戦灰「片翼の構え」
戦灰	上質系	戦灰「突撃」
戦灰	上質系	戦灰「回転撃」
戦灰	上質系	戦灰「巨人狩り」
戦灰	上質系	戦灰「嵐の刃」
戦灰	上質系	戦灰「嵐の襲撃」
戦灰	上質系	戦灰「嵐呼び」
戦灰	上質系	戦灰「嵐脚」
戦灰	上質系	戦灰「真空斬り」
戦灰	上質系	戦灰「共撃の幻」
戦灰	上質系	戦灰「デターミネーション」
戦灰	上質系	戦灰「王騎士の決意」
戦灰	魔力系	戦灰「輝石のつぶて」
戦灰	魔力系	戦灰「輝剣の円陣」
戦灰	魔力系	戦灰「カーリアの大剣」
戦灰	魔力系	戦灰「グレート・カーリア」
戦灰	魔力系	戦灰「ロイヤル・カーリア」
戦灰	魔力系	戦灰「回れ回れ」
戦灰	魔力系	戦灰「ローレッタの斬撃」
戦灰	魔力系	戦灰「グラビタス」
戦灰	魔力系	戦灰「暗黒波」
戦灰	炎・雷系	戦灰「炎撃」
戦灰	炎・雷系	戦灰「赤獅子の炎」
戦灰	炎・雷系	戦灰「溶岩噴火」
戦灰	炎・雷系	戦灰「司教の突進」
戦灰	炎・雷系	戦灰「黒炎の渦」
戦灰	炎・雷系	戦灰「火の串刺し」
戦灰	炎・雷系	戦灰「火の槍」
戦灰	炎・雷系	戦灰「落雷」
戦灰	炎・雷系	戦灰「雷撃斬」
戦灰	炎・雷系	戦灰「瞬雷」
戦灰	炎・雷系	戦灰「雷の羊」
戦灰	神聖系	戦灰「聖なる刃」
戦灰	神聖系	戦灰「祈りの一撃」
戦灰	神聖系	戦灰「聖なる光輪」
戦灰	神聖系	戦灰「聖律」
戦灰	神聖系	戦灰「聖律共有」
戦灰	神聖系	戦灰「黄金の地」
戦灰	神聖系	戦灰「黄金の尻撃」
戦灰	神聖系	戦灰「黄金樹に誓って」
戦灰	神聖系	戦灰「無敵」
戦灰	神聖系	戦灰「聖域」
戦灰	神聖系	戦灰「坩堝の諸相・翼」
戦灰	状態異常系	戦灰「毒の霧」
戦灰	状態異常系	戦灰「毒蛾は二度舞う」
戦灰	状態異常系	戦灰「毒花は二度刺す」
戦灰	状態異常系	戦灰「血の刃」
戦灰	状態異常系	戦灰「血の斬撃」
戦灰	状態異常系	戦灰「血の徴収」
戦灰	状態異常系	戦灰「切腹」
戦灰	状態異常系	戦灰「氷槍」
戦灰	状態異常系	戦灰「冷気の霧」
戦灰	状態異常系	戦灰「霊炎呼び」
戦灰	状態異常系	戦灰「霜踏み」
戦灰	状態異常系	戦灰「神獣霜踏み」
戦灰	神秘系	戦灰「幻影の槍」
戦灰	神秘系	戦灰「命奪拳」
戦灰	神秘系	戦灰「白い影の誘い」
戦灰	神秘系	戦灰「暗殺の作法」
戦灰	神秘系	戦灰「悲痛の叫び」
戦灰	標準形	戦灰「発勁」
戦灰	標準形	戦灰「落葉旋風脚」
戦灰	標準形	戦灰「囲む火花の香り」
戦灰	標準形	戦灰「連なる火花の香り」
戦灰	弓系	戦灰「強射」
戦灰	弓系	戦灰「貫通射撃」
戦灰	弓系	戦灰「エーゴンの竜狩り」
戦灰	弓系	戦灰「連続射撃」
戦灰	弓系	戦灰「空撃ち」
戦灰	弓系	戦灰「宿し撃ち」
戦灰	弓系	戦灰「アローレイン」
戦灰	盾系	戦灰「パリィ」
戦灰	盾系	戦灰「黄金パリィ」
戦灰	盾系	戦灰「嵐の壁」
戦灰	盾系	戦灰「シールドバッシュ」
戦灰	盾系	戦灰「突撃バッシュ」
戦灰	盾系	戦灰「鉄壁の盾」
戦灰	盾系	戦灰「トープスの力場」
戦灰	盾系	戦灰「カーリアの返報」
戦灰	盾系	戦灰「盾攻撃」
戦灰	盾系	戦灰「戦技なし」
近接武器	短剣	ダガー
近接武器	短剣	パリングダガー
近接武器	短剣	慈悲の短剣
近接武器	短剣	大型ナイフ
近接武器	短剣	血汚れた短刀
近接武器	短剣	黄銅の短刀
近接武器	短剣	火の騎士の短剣
近接武器	短剣	脇差
近接武器	短剣	マンゴーシュ
近接武器	短剣	祝祭の手鎌
近接武器	短剣	象牙の手鎌
近接武器	短剣	結晶ナイフ
近接武器	短剣	蠍の針
近接武器	短剣	チンクエディア
近接武器	短剣	輝石のクリス
近接武器	短剣	レドゥビア
近接武器	短剣	使命の刃
近接武器	短剣	黒き刃
近接武器	投擲剣	流紋の短剣
近接武器	直剣	ショートソード
近接武器	直剣	ロングソード
近接武器	直剣	ブロードソード
近接武器	直剣	古びた直剣
近接武器	直剣	君主軍の直剣
近接武器	直剣	貴人の細剣
近接武器	直剣	杖剣
近接武器	直剣	戦鷹の爪剣
近接武器	直剣	石鞘の剣
近接武器	直剣	ラズリの輝石剣
近接武器	直剣	カーリアの騎士剣
近接武器	直剣	結晶剣
近接武器	直剣	腐敗した結晶剣
近接武器	直剣	ミケラの騎士剣
近接武器	直剣	儀仗の直剣
近接武器	直剣	黄金の墓標
近接武器	直剣	トリーナの剣
近接武器	直剣	トリーナの昏剣
近接武器	直剣	エオヒドの宝剣
近接武器	直剣	秘文字の剣
近接武器	直剣	夜と炎の剣
近接武器	直剣	ライトソード
近接武器	直剣	ダークソード
近接武器	軽大剣	レディソード
近接武器	軽大剣	レダの剣
近接武器	軽大剣	レラーナの双剣
近接武器	大剣	バスタードソード
近接武器	大剣	クレイモア
近接武器	大剣	鉄の大剣
近接武器	大剣	君主軍の大剣
近接武器	大剣	騎士大剣
近接武器	大剣	失地騎士の大剣
近接武器	大剣	二又の大剣
近接武器	大剣	大トカゲの大剣
近接武器	大剣	フランベルジュ
近接武器	大剣	ガーゴイルの大剣
近接武器	大剣	ガーゴイルの黒剣
近接武器	大剣	分かたれぬ双児の剣
近接武器	大剣	ミエロスの剣
近接武器	大剣	マレー家の執行剣
近接武器	大剣	孤牢の大剣
近接武器	大剣	オルドビスの大剣
近接武器	大剣	白王の剣
近接武器	大剣	死かき棒
近接武器	大剣	ヘルフェンの尖塔
近接武器	大剣	冒涜の聖剣
近接武器	大剣	黄金律の大剣
近接武器	大剣	暗月の大剣
近接武器	大剣	神の遺剣
近接武器	大剣	劫罰の大剣
近接武器	特大剣	ツヴァイヘンダー
近接武器	特大剣	グレートソード
近接武器	特大剣	番犬の大剣
近接武器	特大剣	火の騎士の大剣
近接武器	特大剣	トロルの黄金剣
近接武器	特大剣	トロルの騎士剣
近接武器	特大剣	ムーンリデルの騎士剣
近接武器	特大剣	王家のグレートソード
近接武器	特大剣	剣接ぎの大剣
近接武器	特大剣	遺跡の大剣
近接武器	特大剣	古隕鉄の大剣
近接武器	特大剣	星砕きの大剣
近接武器	特大剣	ラダーンの大剣（王）
近接武器	特大剣	ラダーンの大剣（光）
近接武器	特大剣	神狩りの剣
近接武器	特大剣	マリケスの黒き剣
近接武器	刺剣	レイピア
近接武器	刺剣	エストック
近接武器	刺剣	貴人のエストック
近接武器	刺剣	貴腐騎士の剣
近接武器	刺剣	ロジェールの刺剣
近接武器	刺剣	蟻棘のレイピア
近接武器	刺剣	氷結の針
近接武器	刺剣	カーリアの魔術剣
近接武器	重刺剣	グレート・エペ
近接武器	重刺剣	神肌縫い
近接武器	重刺剣	クウィラインの大剣
近接武器	重刺剣	血のヘリケー
近接武器	重刺剣	竜王の岩剣
近接武器	重刺剣	ソードランス
近接武器	曲剣	シミター
近接武器	曲剣	ファルシオン
近接武器	曲剣	シャムシール
近接武器	曲剣	グロスメッサー
近接武器	曲剣	山賊の湾刀
近接武器	曲剣	ショーテル
近接武器	曲剣	死体漁りの曲剣
近接武器	曲剣	蟷螂刀
近接武器	曲剣	獣人の曲刀
近接武器	曲剣	流水の曲剣
近接武器	曲剣	蛇神の曲刀
近接武器	曲剣	溶岩刀
近接武器	曲剣	霊の剣
近接武器	曲剣	ノクスの流体剣
近接武器	曲剣	アステールの薄羽
近接武器	曲剣	ファルクス
近接武器	曲剣	ラーナの舞踏剣
近接武器	曲剣	角の戦士の曲剣
近接武器	曲剣	蝕のショーテル
近接武器	大曲剣	斬馬刀
近接武器	大曲剣	忌み子の大刀
近接武器	大曲剣	僧兵の炎姿刀
近接武器	大曲剣	獣人の大曲刀
近接武器	大曲剣	フレイヤの大剣
近接武器	大曲剣	猟犬の長牙
近接武器	大曲剣	黒王の大剣
近接武器	大曲剣	ザミェルの湾刀
近接武器	大曲剣	土竜の鱗剣
近接武器	大曲剣	角の戦士の大曲剣
近接武器	大曲剣	モーゴットの呪剣
近接武器	逆手剣	逆手剣
近接武器	逆手剣	流紋の円刃
近接武器	逆手剣	呪剣士の円刃
近接武器	刀	打刀
近接武器	刀	長牙
近接武器	刀	蛇骨の刀
近接武器	刀	隕鉄の刀
近接武器	刀	名刀月隠
近接武器	刀	夜の刃
近接武器	刀	屍山血河
近接武器	刀	竜鱗刀
近接武器	刀	連星剣
近接武器	刀	マレニアの義手刀
近接武器	大刀	大刀
近接武器	大刀	竜狩りの大刀
近接武器	大刀	羅刹の大刀
近接武器	両刃剣	ツインブレード
近接武器	両刃剣	ツインナイトソード
近接武器	両刃剣	黒鉄の両刃剣
近接武器	両刃剣	神肌剥ぎ
近接武器	両刃剣	ガーゴイルの両刃剣
近接武器	両刃剣	ガーゴイルの黒両刃
近接武器	両刃剣	エレオノーラの双薙刀
近接武器	両刃剣	エウポリア
近接武器	斧	ハンドアクス
近接武器	斧	二又の手斧
近接武器	斧	二又舌の手斧
近接武器	斧	バトルアクス
近接武器	斧	メスメル兵の斧
近接武器	斧	歪んだ斧
近接武器	斧	歯列の斧
近接武器	斧	鉄の鉈
近接武器	斧	ハイランドアクス
近接武器	斧	流紋の斧
近接武器	斧	祝祭の鉈
近接武器	斧	生贄の斧
近接武器	斧	氷殻の斧
近接武器	斧	波紋の剣
近接武器	斧	嵐鷹の斧
近接武器	斧	ローゼスの斧
近接武器	斧	死の騎士の双斧
近接武器	大斧	グレートアクス
近接武器	大斧	三日月斧
近接武器	大斧	長柄鉈
近接武器	大斧	断胴の大鉈
近接武器	大斧	忌み潰しの大鉈
近接武器	大斧	錆び付いた錨
近接武器	大斧	解体包丁
近接武器	大斧	ボニの解体包丁
近接武器	大斧	ガーゴイルの大斧
近接武器	大斧	ガーゴイルの黒斧
近接武器	大斧	死の騎士の長柄斧
近接武器	大斧	翼の大角
近接武器	大斧	ゴドリックの王斧
近接武器	大斧	泥濘の大鉈
近接武器	槌	クラブ
近接武器	槌	曲り棍棒
近接武器	槌	牙付き棍棒
近接武器	槌	石の棍棒
近接武器	槌	メイス
近接武器	槌	モーニングスター
近接武器	槌	ウォーピック
近接武器	槌	ハンマー
近接武器	槌	僧兵の炎姿槌
近接武器	槌	ヴァレーの花束
近接武器	槌	使者たちの笛
近接武器	槌	ノクスの流体槌
近接武器	槌	指輪指
近接武器	槌	百智の王笏
近接武器	槌	マリカの槌
近接武器	槌	花岩の槌
近接武器	フレイル	フレイル
近接武器	フレイル	夜騎兵のフレイル
近接武器	フレイル	連接棍
近接武器	フレイル	家族の首
近接武器	フレイル	落とし子の星々
近接武器	フレイル	蛇のフレイル
近接武器	大槌	ラージクラブ
近接武器	大槌	曲り大棍棒
近接武器	大槌	グレートメイス
近接武器	大槌	つるはし
近接武器	大槌	積石の槌
近接武器	大槌	バトルハンマー
近接武器	大槌	腐敗したバトルハンマー
近接武器	大槌	祝祭の大頭蓋
近接武器	大槌	グレートスターズ
近接武器	大槌	黒鉄の大槌
近接武器	大槌	流紋の大槌
近接武器	大槌	大角の槌
近接武器	大槌	使者たちの長笛
近接武器	大槌	尊顔の燭台
近接武器	大槌	獣爪の大槌
近接武器	大槌	世界喰らいの王笏
近接武器	特大武器	闘士の大斧
近接武器	特大武器	腐敗した大斧
近接武器	特大武器	ゴーレムの斧槍
近接武器	特大武器	巨人砕き
近接武器	特大武器	司教の大炎槌
近接武器	特大武器	グレートクラブ
近接武器	特大武器	トロルハンマー
近接武器	特大武器	大竜爪
近接武器	特大武器	血鬼の腕
近接武器	特大武器	番犬の錫杖
近接武器	特大武器	化身の儀仗
近接武器	特大武器	腐敗した儀仗
近接武器	特大武器	使者たちの扇笛
近接武器	特大武器	ギーザの車輪
近接武器	特大武器	星獣の顎
近接武器	特大武器	鍛冶床ハンマー
近接武器	特大武器	デボニアの大槌
近接武器	特大武器	ゴッドフレイの王斧
近接武器	特大武器	影輪草の大花
近接武器	特大武器	見つめる指
近接武器	槍	ショートスピア
近接武器	槍	鉄の槍
近接武器	槍	スピア
近接武器	槍	パルチザン
近接武器	槍	パイク
近接武器	槍	速槍
近接武器	槍	棘棍
近接武器	槍	十文字薙刀
近接武器	槍	泥人の銛
近接武器	槍	血鬼のフォーク
近接武器	槍	祝祭の肋骨鋤
近接武器	槍	ポールトーチ
近接武器	槍	流紋の槍
近接武器	槍	責問燭台
近接武器	槍	結晶槍
近接武器	槍	腐敗した結晶槍
近接武器	槍	貴腐騎士の槍
近接武器	槍	死儀礼の槍
近接武器	槍	グランサクスの雷
近接武器	大槍	ランス
近接武器	大槍	メスメル兵の槍
近接武器	大槍	ツリースピア
近接武器	大槍	大蛇狩り
近接武器	大槍	シルリアの樹槍
近接武器	大槍	ヴァイクの戦槍
近接武器	大槍	モーグウィンの聖槍
近接武器	大槍	逆棘の杖槍
近接武器	大槍	血鬼の聖槍
近接武器	大槍	串刺し公の槍
近接武器	斧槍	ハルバード
近接武器	斧槍	失地騎士の斧槍
近接武器	斧槍	ルッツエルン
近接武器	斧槍	グレイブ
近接武器	斧槍	卑兵のショーテル
近接武器	斧槍	卑兵のノコギリ
近接武器	斧槍	守人の剣槍
近接武器	斧槍	ガーゴイルの斧槍
近接武器	斧槍	ガーゴイルの黒斧槍
近接武器	斧槍	夜騎兵のグレイブ
近接武器	斧槍	蟲のグレイブ
近接武器	斧槍	欠波紋の斧槍
近接武器	斧槍	黄金のハルバード
近接武器	斧槍	竜のハルバード
近接武器	斧槍	ローレッタの戦鎌
近接武器	斧槍	宿将の軍旗
近接武器	斧槍	霊のグレイブ
近接武器	斧槍	蕾の薙刀
近接武器	鎌	大鎌
近接武器	鎌	墓場の大鎌
近接武器	鎌	光輪のサイス
近接武器	鎌	翼の鎌
近接武器	鎌	黒曜のラーミナ
近接武器	鞭	ウィップ
近接武器	鞭	茨鞭
近接武器	鞭	ウルミ
近接武器	鞭	ホスローの花弁
近接武器	鞭	歯の鞭
近接武器	鞭	溶岩鞭の燭台
近接武器	鞭	巨人の赤髪
近接武器	拳	素手
近接武器	拳	セスタス
近接武器	拳	スパイクセスタス
近接武器	拳	カタール
近接武器	拳	パタ
近接武器	拳	鉄球拳
近接武器	拳	棘球拳
近接武器	拳	縋り付く手骨
近接武器	拳	宿将の義足
近接武器	拳	秘文字のパタ
近接武器	拳	毒手
近接武器	拳	狂手
近接武器	拳	ティエリエの隠し針
近接武器	拳	ゴーレムの拳
近接武器	拳	接がれた飛竜
近接武器	格闘	落葉格闘
近接武器	格闘	ダン流蹴術
近接武器	爪	鉤爪
近接武器	爪	猟犬の爪
近接武器	爪	毒蛇の牙
近接武器	爪	猛禽の鉤爪
近接武器	爪	夜の爪
近接武器	獣爪	獣の爪
近接武器	獣爪	赤熊の爪
近接武器	調香瓶	火花の調香瓶
近接武器	調香瓶	雷の調香瓶
近接武器	調香瓶	冷気の調香瓶
近接武器	調香瓶	狂い火の調香瓶
近接武器	調香瓶	猛毒の調香瓶
遠距離武器	小弓	ショートボウ
遠距離武器	小弓	コンポジットボウ
遠距離武器	小弓	赤木のショートボウ
遠距離武器	小弓	混種の小弓
遠距離武器	小弓	ハープボウ
遠距離武器	小弓	骨の弓
遠距離武器	長弓	ロングボウ
遠距離武器	長弓	しろがねの弓
遠距離武器	長弓	黒弓
遠距離武器	長弓	アンスバッハの長弓
遠距離武器	長弓	滑車の弓
遠距離武器	長弓	角の弓
遠距離武器	長弓	蛇弓
遠距離武器	長弓	黄金樹の弓
遠距離武器	大弓	大弓
遠距離武器	大弓	ゴーレムの大弓
遠距離武器	大弓	黄金樹の大弓
遠距離武器	大弓	エーゴンの大弓
遠距離武器	大弓	獅子の大弓
遠距離武器	クロスボウ	兵士のクロスボウ
遠距離武器	クロスボウ	ライトクロスボウ
遠距離武器	クロスボウ	ヘビークロスボウ
遠距離武器	クロスボウ	アーバレスト
遠距離武器	クロスボウ	クレプスの黒鍵
遠距離武器	クロスボウ	滑車の弩
遠距離武器	クロスボウ	連弩
遠距離武器	クロスボウ	散弾クロスボウ
遠距離武器	クロスボウ	月輪の弩
遠距離武器	バリスタ	手持ちバリスタ
遠距離武器	バリスタ	壺大砲
遠距離武器	バリスタ	ラバスの大砲
遠距離武器	杖	星見の杖
遠距離武器	杖	輝石の杖
遠距離武器	杖	学院の輝石杖
遠距離武器	杖	石掘り杖
遠距離武器	杖	亜人女王の杖
遠距離武器	杖	アズールの輝石杖
遠距離武器	杖	ルーサットの輝石杖
遠距離武器	杖	カーリアの輝石杖
遠距離武器	杖	カーリアの輝剣杖
遠距離武器	杖	カーリアの王笏
遠距離武器	杖	しろがねの杖
遠距離武器	杖	喪失の杖
遠距離武器	杖	ゲルミアの輝石杖
遠距離武器	杖	結晶杖
遠距離武器	杖	腐敗した結晶杖
遠距離武器	杖	隕石の杖
遠距離武器	杖	咎人の杖
遠距離武器	杖	死王子の杖
遠距離武器	杖	母の杖
遠距離武器	杖	大いなる彼方の杖
遠距離武器	聖印	指の聖印
遠距離武器	聖印	黄金樹の聖印
遠距離武器	聖印	黄金律の聖印
遠距離武器	聖印	落葉の聖印
遠距離武器	聖印	火の騎士の聖印
遠距離武器	聖印	螺旋樹の聖印
遠距離武器	聖印	さざれ石の聖印
遠距離武器	聖印	巨人の聖印
遠距離武器	聖印	神狩りの聖印
遠距離武器	聖印	爪痕の聖印
遠距離武器	聖印	狂い火の聖印
遠距離武器	聖印	竜餐の印
矢／ボルト	矢	骨の矢
矢／ボルト	矢	骨の矢（羽付き）
矢／ボルト	矢	骨の魔力矢
矢／ボルト	矢	骨の魔力矢（羽付き）
矢／ボルト	矢	骨の火矢
矢／ボルト	矢	骨の火矢（羽付き）
矢／ボルト	矢	骨の雷矢
矢／ボルト	矢	骨の雷矢（羽付き）
矢／ボルト	矢	骨の聖矢
矢／ボルト	矢	骨の聖矢（羽付き）
矢／ボルト	矢	骨の毒矢
矢／ボルト	矢	骨の毒矢（羽付き）
矢／ボルト	矢	骨の腐れ矢
矢／ボルト	矢	骨の腐れ矢（羽付き）
矢／ボルト	矢	骨の血矢
矢／ボルト	矢	骨の血矢（羽付き）
矢／ボルト	矢	骨の氷結矢
矢／ボルト	矢	骨の氷結矢（羽付き）
矢／ボルト	矢	骨の眠り矢
矢／ボルト	矢	骨の眠り矢（羽付き）
矢／ボルト	矢	細片の音矢
矢／ボルト	矢	細片の音矢（羽付き）
矢／ボルト	矢	虹色石の矢
矢／ボルト	矢	虹色石の矢（羽付き）
矢／ボルト	矢	骨の誘い矢
矢／ボルト	矢	骨の誘い矢（羽付き）
矢／ボルト	矢	嵐羽の骨矢
矢／ボルト	矢	矢
矢／ボルト	矢	宿り矢
矢／ボルト	矢	火矢
矢／ボルト	矢	黄金の矢
矢／ボルト	矢	毒飛蛇
矢／ボルト	矢	霊火の矢
矢／ボルト	矢	トリーナの矢
矢／ボルト	大矢	骨の大矢
矢／ボルト	大矢	骨の大矢（羽付き）
矢／ボルト	大矢	大矢
矢／ボルト	大矢	ゴーレムの大矢
矢／ボルト	大矢	ゴーレムの魔力矢
矢／ボルト	大矢	黄金の大矢
矢／ボルト	大矢	ラダーンの槍
矢／ボルト	大矢	エーゴンの銛
矢／ボルト	ボルト	骨ボルト
矢／ボルト	ボルト	骨の魔力ボルト
矢／ボルト	ボルト	骨の火ボルト
矢／ボルト	ボルト	骨の雷ボルト
矢／ボルト	ボルト	骨の聖ボルト
矢／ボルト	ボルト	骨の毒ボルト
矢／ボルト	ボルト	骨の腐れボルト
矢／ボルト	ボルト	骨の血ボルト
矢／ボルト	ボルト	骨の氷結ボルト
矢／ボルト	ボルト	骨の眠りボルト
矢／ボルト	ボルト	骨の誘いボルト
矢／ボルト	ボルト	ボルト
矢／ボルト	ボルト	君主軍のボルト
矢／ボルト	ボルト	流星ボルト
矢／ボルト	ボルト	燃える火のボルト
矢／ボルト	ボルト	爆発ボルト
矢／ボルト	ボルト	調香ボルト
矢／ボルト	ボルト	ライトニングボルト
矢／ボルト	ボルト	黄金ボルト
矢／ボルト	ボルト	黒鍵の杭
矢／ボルト	ボルト	逆棘ボルト
矢／ボルト	大ボルト	骨のバリスタボルト
矢／ボルト	大ボルト	バリスタボルト
矢／ボルト	大ボルト	爆発大ボルト
矢／ボルト	大ボルト	ライトニング大ボルト
矢／ボルト	大ボルト	ラバスの大ボルト
盾	松明	松明
盾	松明	獣除けの松明
盾	松明	鋼線トーチ
盾	松明	歩哨の松明
盾	松明	霊火のトーチ
盾	松明	トリーナの灯火
盾	松明	ナナヤの灯
盾	松明	嘆き首
盾	小盾	壊れかけの木盾
盾	小盾	鉄鋲の木盾
盾	小盾	青白の木盾
盾	小盾	聖句の木盾
盾	小盾	赤茨の木盾
盾	小盾	首枷の盾
盾	小盾	バックラー
盾	小盾	鉄の円盾
盾	小盾	金装の鉄盾
盾	小盾	蛇人の盾
盾	小盾	氷紋の鉄盾
盾	小盾	裂け目の盾
盾	小盾	調香師の盾
盾	小盾	咎人の盾
盾	小盾	角渦の盾
盾	小盾	燻りの盾
盾	小盾	蜷局の盾
盾	小盾	流紋の盾
盾	小盾	夜の盾
盾	中盾	鷹紋のウッドシールド
盾	中盾	馬紋のウッドシールド
盾	中盾	燭樹のウッドシールド
盾	中盾	炎紋のウッドシールド
盾	中盾	蝕まれた木盾
盾	中盾	太陽の都の盾
盾	中盾	ラウンドシールド
盾	中盾	ラージレザーシールド
盾	中盾	ブラックレザーシールド
盾	中盾	蝕まれた革盾
盾	中盾	ヒーターシールド
盾	中盾	青紋のヒーターシールド
盾	中盾	赤紋のヒーターシールド
盾	中盾	獣紋のヒーターシールド
盾	中盾	逆さ鷹のヒーターシールド
盾	中盾	蝕紋のヒーターシールド
盾	中盾	カイトシールド
盾	中盾	青金のカイトシールド
盾	中盾	蠍のカイトシールド
盾	中盾	双鳥のカイトシールド
盾	中盾	真鍮の盾
盾	中盾	失地騎士の盾
盾	中盾	メスメル兵の盾
盾	中盾	狼紋章の盾
盾	中盾	蛇紋章の盾
盾	中盾	しろがねの盾
盾	中盾	獣人の壺盾
盾	中盾	カーリアの騎士盾
盾	中盾	白銀の盾
盾	中盾	大亀の甲羅
盾	中盾	黄金獅子盾
盾	大盾	木の大盾
盾	大盾	君主軍の大盾
盾	大盾	鉄茨の大盾
盾	大盾	鋲壁の盾
盾	大盾	神聖画の盾
盾	大盾	獣紋の黄金盾
盾	大盾	城館のタワーシールド
盾	大盾	交差樹のタワーシールド
盾	大盾	逆さ鷹のタワーシールド
盾	大盾	竜のタワーシールド
盾	大盾	名家の大盾
盾	大盾	金装の大盾
盾	大盾	カッコウの大盾
盾	大盾	赤獅子の大盾
盾	大盾	黄金の大盾
盾	大盾	聖樹紋の大盾
盾	大盾	黒鉄の大盾
盾	大盾	坩堝の角盾
盾	大盾	竜爪の盾
盾	大盾	指紋石の盾
盾	大盾	蝕紋の大盾
盾	大盾	蟻の頭甲
盾	大盾	黄金樹の大盾
盾	大盾	クラゲの盾
盾	大盾	ガンメンの盾
盾	大盾	単眼の盾
盾	大盾	緑青の大盾
盾	刺突盾	デュエリングシールド
盾	刺突盾	カーリアの刺突盾
兜	Aタイプ	市民の頭冠
兜	Aタイプ	市民の頭冠（軽装）
兜	Aタイプ	貴人の頭環
兜	Aタイプ	貴人の帽子
兜	Aタイプ	老貴人の頭巾
兜	Aタイプ	小姓のフード
兜	Aタイプ	上流小姓のフード
兜	Aタイプ	守人の仮面
兜	Aタイプ	祝祭のフード
兜	Aタイプ	祝祭のフード（軽量）
兜	Aタイプ	祝祭の青フード
兜	Aタイプ	罪人のフード
兜	Aタイプ	虜囚の鉄仮面
兜	Aタイプ	ならず者の鉄仮面
兜	Aタイプ	血の滲んだ覆面
兜	Aタイプ	毛蟲の仮面
兜	Aタイプ	黒団子
兜	Aタイプ	キノコ頭
兜	Aタイプ	キノコの王冠
兜	Aタイプ	トリーナの一花
兜	Aタイプ	光の冠
兜	Bタイプ	星見のフード
兜	Bタイプ	幼年学徒の帽子
兜	Bタイプ	カロロスの輝石頭
兜	Bタイプ	オリヴィニスの輝石頭
兜	Bタイプ	双賢の輝石頭
兜	Bタイプ	魔女の輝石頭
兜	Bタイプ	ラズリの輝石頭
兜	Bタイプ	ハイマの輝石頭
兜	Bタイプ	ヤロダスの輝石頭
兜	Bタイプ	魔術剣士の尖り帽
兜	Bタイプ	アルベリッヒの尖り帽
兜	Bタイプ	アルベリッヒの尖り帽（軽装）
兜	Bタイプ	魔術教授の大帽子
兜	Bタイプ	秘匿の仮面
兜	Bタイプ	アズールの輝石頭
兜	Bタイプ	ルーサットの輝石頭
兜	Bタイプ	女王の月冠
兜	Bタイプ	雪魔女の尖り帽
兜	Bタイプ	大司祭の帽子
兜	Bタイプ	フィアのフード
兜	Bタイプ	預言者の目隠し
兜	Bタイプ	旅巫女のフード
兜	Bタイプ	指巫女の帽子
兜	Bタイプ	賢者のフード
兜	Bタイプ	グレートフード
兜	Bタイプ	ダンの帽子
兜	Bタイプ	輝ける金仮面
兜	Cタイプ	調香師のフード
兜	Cタイプ	旅の帽子
兜	Cタイプ	堕落調香師の帽子
兜	Cタイプ	領主の仮面
兜	Cタイプ	側妃の仮面
兜	Cタイプ	マレー家の仮面
兜	Cタイプ	大角の頭環
兜	Cタイプ	光角の頭環
兜	Cタイプ	神肌の使徒フード
兜	Cタイプ	神肌の貴種フード
兜	Cタイプ	血の貴族のフード
兜	Cタイプ	老賢の仮面
兜	Dタイプ	緋雫スカラベ
兜	Dタイプ	青雫スカラベ
兜	Dタイプ	戦灰スカラベ
兜	Dタイプ	輝石スカラベ
兜	Dタイプ	祈祷スカラベ
兜	Dタイプ	インプの頭（猫）
兜	Dタイプ	インプの頭（狼）
兜	Dタイプ	インプの頭（牙鬼）
兜	Dタイプ	インプの頭（舌鬼）
兜	Dタイプ	インプの頭（亡者）
兜	Dタイプ	インプの頭（長老）
兜	Dタイプ	インプの頭（獅子）
兜	Dタイプ	ノクスの鏡兜
兜	Dタイプ	イジーの鏡兜
兜	Dタイプ	銀雫の仮面
兜	Dタイプ	使者たちの大頭
兜	Dタイプ	蛸頭
兜	Dタイプ	壺頭
兜	Dタイプ	大壺頭
兜	Dタイプ	しろがねの覆面
兜	Dタイプ	黒狼の仮面
兜	Eタイプ	青布の頭巾
兜	Eタイプ	深紅のフード
兜	Eタイプ	濃紺のフード
兜	Eタイプ	白面
兜	Eタイプ	ティエリエの仮面
兜	Eタイプ	放浪商人の帽子
兜	Eタイプ	盗賊のマスク
兜	Eタイプ	黒布のフード
兜	Eタイプ	密使のフード
兜	Eタイプ	密使のフード（軽装）
兜	Eタイプ	忌み笑いの面
兜	Eタイプ	死骨の仮面
兜	Eタイプ	墓守鳥の兜
兜	Eタイプ	踊り子のフード
兜	Fタイプ	雑兵のヘルム
兜	Fタイプ	雑兵の鉢がね
兜	Fタイプ	雑兵の鉄帽子
兜	Fタイプ	雑兵の金帽子
兜	Fタイプ	聖冠の鉄兜
兜	Fタイプ	追い剥ぎのフード
兜	Fタイプ	兵卒の兜
兜	Fタイプ	卑兵の兜
兜	Fタイプ	影卑兵の兜
兜	Fタイプ	闘士の兜
兜	Fタイプ	腐敗した闘士の兜
兜	Fタイプ	ノクス僧のフード
兜	Fタイプ	ノクス僧のフード（軽装）
兜	Fタイプ	ノクス剣士の冠
兜	Fタイプ	ノクス剣士の冠（軽装）
兜	Fタイプ	夜巫女の双冠
兜	Fタイプ	勇者の頭環
兜	Fタイプ	革の頭環
兜	Fタイプ	革の兜
兜	Fタイプ	牙の兜
兜	Fタイプ	エーゴンの兜
兜	Fタイプ	エーゴンの兜（軽装）
兜	Fタイプ	呪剣士の仮面
兜	Fタイプ	ラルバの毛皮
兜	Gタイプ	チェインヘルム
兜	Gタイプ	鉄の兜
兜	Gタイプ	ゴドリック兵の兜
兜	Gタイプ	レアルカリア兵の兜
兜	Gタイプ	ラダーン兵の兜
兜	Gタイプ	ローデイル兵の兜
兜	Gタイプ	聖樹兵の兜
兜	Gタイプ	メスメル兵の兜
兜	Gタイプ	流刑兵のフード
兜	Gタイプ	カイデンの兜
兜	Gタイプ	葦の地の兜
兜	Gタイプ	翁面
兜	Gタイプ	鉄の編み笠
兜	Gタイプ	奇矯騎士のフード
兜	Gタイプ	奇矯騎士のフード（軽装）
兜	Gタイプ	フレイヤの兜
兜	Gタイプ	人形兵の兜
兜	Gタイプ	人形兵の鳥兜
兜	Gタイプ	蒼銀のフード
兜	Gタイプ	火の僧兵の兜
兜	Gタイプ	黒炎僧兵の兜
兜	Gタイプ	ザミェルの仮面
兜	Gタイプ	黒き刃のフード
兜	Gタイプ	夜の兜
兜	Gタイプ	マレニアの翼兜
兜	Gタイプ	エルデ王の冠
兜	Gタイプ	メスメルの兜
兜	Gタイプ	メスメルの兜（軽装）
兜	Hタイプ	騎士の兜
兜	Hタイプ	放浪騎士の兜
兜	Hタイプ	グレートヘルム
兜	Hタイプ	カーリア騎士の兜
兜	Hタイプ	ゴドリック騎士の兜
兜	Hタイプ	カッコウ騎士の兜
兜	Hタイプ	赤獅子騎士の兜
兜	Hタイプ	ゲルミア騎士の兜
兜	Hタイプ	ローデイル騎士の兜
兜	Hタイプ	聖樹騎士の兜
兜	Hタイプ	黒騎士の兜
兜	Hタイプ	猟犬騎士の兜
兜	Hタイプ	貴腐騎士の兜
兜	Hタイプ	貴腐騎士の兜（軽装）
兜	Hタイプ	火の騎士の兜
兜	Hタイプ	有翼蛇の兜
兜	Hタイプ	死面の兜
兜	Hタイプ	ザルツァのフード
兜	Hタイプ	死の騎士の兜
兜	Hタイプ	角の戦士の兜
兜	Hタイプ	神獣の兜
兜	Hタイプ	神鳥の兜
兜	Iタイプ	誓約騎士の兜
兜	Iタイプ	戦鬼の兜
兜	Iタイプ	ホスローの兜
兜	Iタイプ	ディアロスの兜
兜	Iタイプ	双児の兜
兜	Iタイプ	竜騎士の兜
兜	Iタイプ	竜騎士の兜（軽装）
兜	Iタイプ	鉄茨の兜
兜	Iタイプ	指痕の兜
兜	Iタイプ	羅刹の兜
兜	Iタイプ	王骸の兜
兜	Iタイプ	百智の兜
兜	Iタイプ	親衛騎士の兜
兜	Iタイプ	レラーナの兜
兜	Iタイプ	マリケスの兜
兜	Jタイプ	失地騎士の兜
兜	Jタイプ	失地騎士の兜（軽装）
兜	Jタイプ	夜騎兵の兜
兜	Jタイプ	夜騎兵の兜（軽装）
兜	Jタイプ	孤牢の兜
兜	Jタイプ	宿将の兜
兜	Jタイプ	鱗の兜
兜	Jタイプ	獣集いの兜
兜	Jタイプ	ツリーガードの兜
兜	Jタイプ	異形の竜兜
兜	Jタイプ	坩堝の斧兜
兜	Jタイプ	坩堝の樹兜
兜	Jタイプ	坩堝の槌兜
兜	Jタイプ	ガイウスの兜
兜	Jタイプ	ラダーンの赤髪兜
兜	Jタイプ	若獅子の兜
兜	Kタイプ	ライオネルの兜
兜	Kタイプ	大山羊の兜
兜	Kタイプ	緑青の兜
兜	Kタイプ	忌み兜
兜	Kタイプ	火の司教の兜
兜	Kタイプ	かぼちゃ兜
兜	Kタイプ	神獣の頭
胴鎧	Aタイプ	布の服
胴鎧	Aタイプ	旅の服
胴鎧	Aタイプ	市民の服
胴鎧	Aタイプ	市民の服（軽装）
胴鎧	Aタイプ	市民の上服
胴鎧	Aタイプ	市民の上服（軽装）
胴鎧	Aタイプ	貴人の服
胴鎧	Aタイプ	貴人の服（軽装）
胴鎧	Aタイプ	貴人のコート
胴鎧	Aタイプ	老貴人の長衣
胴鎧	Aタイプ	小姓の服
胴鎧	Aタイプ	小姓の服（軽装）
胴鎧	Aタイプ	上流小姓の服
胴鎧	Aタイプ	上流小姓の服（軽装）
胴鎧	Aタイプ	守人の服
胴鎧	Aタイプ	守人の服（花咲）
胴鎧	Aタイプ	祝祭の礼服
胴鎧	Aタイプ	祝祭の礼服（軽量）
胴鎧	Aタイプ	祝祭の青装束
胴鎧	Aタイプ	虜囚服
胴鎧	Aタイプ	編み縄のローブ
胴鎧	Aタイプ	キノコ体
胴鎧	Bタイプ	星見のローブ
胴鎧	Bタイプ	星見のローブ（軽装）
胴鎧	Bタイプ	幼年学徒のローブ
胴鎧	Bタイプ	レアルカリアン・ローブ
胴鎧	Bタイプ	ラズリのローブ
胴鎧	Bタイプ	戦魔術師のローブ
胴鎧	Bタイプ	はぐれ魔術師のローブ
胴鎧	Bタイプ	はぐれ魔術師のローブ（軽装）
胴鎧	Bタイプ	魔術剣士の旅装束
胴鎧	Bタイプ	魔術剣士の旅装束（軽装）
胴鎧	Bタイプ	アルベリッヒの装束
胴鎧	Bタイプ	アルベリッヒの装束（軽装）
胴鎧	Bタイプ	魔術教授の長衣
胴鎧	Bタイプ	魔術教授の長衣（軽装）
胴鎧	Bタイプ	アズールのローブ
胴鎧	Bタイプ	ルーサットのローブ
胴鎧	Bタイプ	女王のローブ
胴鎧	Bタイプ	雪魔女のローブ
胴鎧	Bタイプ	雪魔女のローブ（軽装）
胴鎧	Bタイプ	大司祭の長衣
胴鎧	Bタイプ	指の長衣
胴鎧	Bタイプ	フィアのローブ
胴鎧	Bタイプ	フィアのローブ（軽装）
胴鎧	Bタイプ	死衾のドレス
胴鎧	Bタイプ	預言者のローブ
胴鎧	Bタイプ	預言者のローブ（軽装）
胴鎧	Bタイプ	コリンのローブ
胴鎧	Bタイプ	旅巫女のローブ
胴鎧	Bタイプ	旅巫女のローブ（軽装）
胴鎧	Bタイプ	指巫女のローブ
胴鎧	Bタイプ	指巫女のローブ（軽装）
胴鎧	Bタイプ	落葉派のローブ
胴鎧	Bタイプ	落葉派のローブ（軽装）
胴鎧	Bタイプ	賢者のローブ
胴鎧	Bタイプ	金仮面のボロ布
胴鎧	Cタイプ	調香師のローブ
胴鎧	Cタイプ	調香師のローブ（軽装）
胴鎧	Cタイプ	調香師の旅装
胴鎧	Cタイプ	調香師の旅装（軽装）
胴鎧	Cタイプ	堕落調香師のローブ
胴鎧	Cタイプ	堕落調香師のローブ（軽装）
胴鎧	Cタイプ	上流のローブ
胴鎧	Cタイプ	領主のローブ
胴鎧	Cタイプ	側妃のローブ
胴鎧	Cタイプ	官吏の装束
胴鎧	Cタイプ	マレー家のローブ
胴鎧	Cタイプ	毛皮の服
胴鎧	Cタイプ	祭司の毛皮
胴鎧	Cタイプ	神肌の使徒ローブ
胴鎧	Cタイプ	神肌の貴種ローブ
胴鎧	Cタイプ	忌み鬼のマント
胴鎧	Cタイプ	血の貴族のローブ
胴鎧	Cタイプ	アンスバッハの装束
胴鎧	Cタイプ	アンスバッハの装束（軽装）
胴鎧	Cタイプ	血の君主の装束
胴鎧	Cタイプ	血の君主の装束（軽装）
胴鎧	Dタイプ	革の鎧
胴鎧	Dタイプ	青布の胴衣
胴鎧	Dタイプ	貴族の旅装
胴鎧	Dタイプ	従軍医師の白衣
胴鎧	Dタイプ	従軍医師の白衣（軽装）
胴鎧	Dタイプ	ティエリエの装束
胴鎧	Dタイプ	ティエリエの装束（軽装）
胴鎧	Dタイプ	放浪商人の装束
胴鎧	Dタイプ	放浪商人の装束（軽装）
胴鎧	Dタイプ	盗賊の胴着
胴鎧	Dタイプ	密使の鎧
胴鎧	Dタイプ	密使の鎧（軽装）
胴鎧	Dタイプ	忌み潰しのローブ
胴鎧	Dタイプ	猛禽の黒羽
胴鎧	Dタイプ	墓守鳥の鎧
胴鎧	Dタイプ	墓守鳥の黒羽鎧
胴鎧	Dタイプ	踊り子のドレス
胴鎧	Dタイプ	踊り子のドレス（軽装）
胴鎧	Eタイプ	雑兵の布鎧
胴鎧	Eタイプ	革肩掛けの布鎧
胴鎧	Eタイプ	鎖肩掛けの布鎧
胴鎧	Eタイプ	象牙肩掛けの布鎧
胴鎧	Eタイプ	朱い布鎧
胴鎧	Eタイプ	血の垂れた布鎧
胴鎧	Eタイプ	追い剥ぎの布鎧
胴鎧	Eタイプ	卑兵の鎧
胴鎧	Eタイプ	影卑兵の鎧
胴鎧	Eタイプ	兵卒の布鎧
胴鎧	Eタイプ	墓守のマント
胴鎧	Eタイプ	墓守のマント（軽装）
胴鎧	Eタイプ	腐敗した墓守のマント
胴鎧	Eタイプ	腐敗した墓守のマント（軽装）
胴鎧	Eタイプ	ノクス僧の鎧
胴鎧	Eタイプ	ノクス僧の鎧（軽装）
胴鎧	Eタイプ	ノクス剣士の鎧
胴鎧	Eタイプ	ノクス剣士の鎧（軽装）
胴鎧	Eタイプ	夜巫女の鎧
胴鎧	Eタイプ	勇者の肩鎧
胴鎧	Eタイプ	高地の装束
胴鎧	Eタイプ	誉れの装束
胴鎧	Eタイプ	鉄鋲の胴衣
胴鎧	Eタイプ	エーゴンの鎧
胴鎧	Eタイプ	エーゴンの鎧（軽装）
胴鎧	Eタイプ	修験者の腰布
胴鎧	Fタイプ	チェインメイル
胴鎧	Fタイプ	汚れたチェインメイル
胴鎧	Fタイプ	樹のサーコート
胴鎧	Fタイプ	瞳のサーコート
胴鎧	Fタイプ	大樹と獣のサーコート
胴鎧	Fタイプ	カッコウのサーコート
胴鎧	Fタイプ	赤獅子のサーコート
胴鎧	Fタイプ	黄金樹のサーコート
胴鎧	Fタイプ	聖樹紋のサーコート
胴鎧	Fタイプ	霊廟のサーコート
胴鎧	Fタイプ	メスメル兵の鎧
胴鎧	Fタイプ	メスメル兵の鎧（軽装）
胴鎧	Gタイプ	スケイルアーマー
胴鎧	Gタイプ	流刑兵の鎧
胴鎧	Gタイプ	カイデンの鎧
胴鎧	Gタイプ	葦の地の鎧
胴鎧	Gタイプ	葦の地の鎧（軽装）
胴鎧	Gタイプ	白備えの鎧
胴鎧	Gタイプ	浪人の鎧
胴鎧	Gタイプ	浪人の鎧（軽装）
胴鎧	Gタイプ	奇矯騎士の鎧
胴鎧	Gタイプ	フレイヤの鎧
胴鎧	Gタイプ	フレイヤの鎧（軽装）
胴鎧	Gタイプ	人形兵の鎧
胴鎧	Gタイプ	蒼銀の鎧
胴鎧	Gタイプ	蒼銀の鎧（軽装）
胴鎧	Gタイプ	火の僧兵の鎧
胴鎧	Gタイプ	黒炎僧兵の鎧
胴鎧	Gタイプ	ザミェルの鎧
胴鎧	Gタイプ	黒き刃の鎧
胴鎧	Gタイプ	黒き刃の鎧（軽装）
胴鎧	Gタイプ	夜の鎧
胴鎧	Gタイプ	マレニアの鎧
胴鎧	Gタイプ	マレニアの鎧（軽装）
胴鎧	Gタイプ	エルデ王の鎧
胴鎧	Gタイプ	エルデ王の鎧（軽装）
胴鎧	Gタイプ	メスメルの鎧
胴鎧	Hタイプ	騎士の鎧
胴鎧	Hタイプ	放浪騎士の鎧
胴鎧	Hタイプ	放浪騎士の鎧（軽装）
胴鎧	Hタイプ	カーリア騎士の鎧
胴鎧	Hタイプ	カーリア騎士の鎧（軽装）
胴鎧	Hタイプ	ゴドリック騎士の鎧
胴鎧	Hタイプ	ゴドリック騎士の鎧（軽装）
胴鎧	Hタイプ	カッコウ騎士の鎧
胴鎧	Hタイプ	カッコウ騎士の鎧（軽装）
胴鎧	Hタイプ	赤獅子騎士の鎧
胴鎧	Hタイプ	赤獅子騎士の鎧（軽装）
胴鎧	Hタイプ	ゲルミア騎士の鎧
胴鎧	Hタイプ	ゲルミア騎士の鎧（軽装）
胴鎧	Hタイプ	ローデイル騎士の鎧
胴鎧	Hタイプ	ローデイル騎士の鎧（軽装）
胴鎧	Hタイプ	聖樹騎士の鎧
胴鎧	Hタイプ	聖樹騎士の鎧（軽装）
胴鎧	Hタイプ	霊廟騎士の鎧
胴鎧	Hタイプ	霊廟騎士の鎧（軽装）
胴鎧	Hタイプ	黒騎士の鎧
胴鎧	Hタイプ	猟犬騎士の鎧
胴鎧	Hタイプ	猟犬騎士の鎧（軽装）
胴鎧	Hタイプ	貴腐騎士の鎧
胴鎧	Hタイプ	貴腐騎士の鎧（軽装）
胴鎧	Hタイプ	火の騎士の鎧
胴鎧	Hタイプ	火の騎士の鎧（軽装）
胴鎧	Hタイプ	死の騎士の鎧
胴鎧	Hタイプ	角の戦士の鎧
胴鎧	Hタイプ	神獣戦士の鎧
胴鎧	Hタイプ	神鳥戦士の鎧
胴鎧	Iタイプ	誓約騎士の鎧
胴鎧	Iタイプ	レダの鎧
胴鎧	Iタイプ	戦鬼の鎧
胴鎧	Iタイプ	戦鬼の鎧（軽装）
胴鎧	Iタイプ	ホスローの鎧
胴鎧	Iタイプ	ホスローの鎧（軽装）
胴鎧	Iタイプ	双児の鎧
胴鎧	Iタイプ	双児の鎧（軽装）
胴鎧	Iタイプ	竜騎士の鎧
胴鎧	Iタイプ	竜騎士の鎧（軽装）
胴鎧	Iタイプ	ブライヴの鎧
胴鎧	Iタイプ	ブライヴの鎧（軽装）
胴鎧	Iタイプ	鉄茨の鎧
胴鎧	Iタイプ	鉄茨の鎧（軽装）
胴鎧	Iタイプ	指痕の鎧
胴鎧	Iタイプ	指痕の鎧（軽装）
胴鎧	Iタイプ	羅刹の鎧
胴鎧	Iタイプ	王骸の鎧
胴鎧	Iタイプ	百智の鎧
胴鎧	Iタイプ	百智の鎧（軽装）
胴鎧	Iタイプ	親衛騎士の鎧
胴鎧	Iタイプ	親衛騎士の鎧（軽装）
胴鎧	Iタイプ	レラーナの鎧
胴鎧	Iタイプ	マリケスの鎧
胴鎧	Iタイプ	マリケスの鎧（軽装）
胴鎧	Jタイプ	失地騎士の鎧
胴鎧	Jタイプ	失地騎士の鎧（軽装）
胴鎧	Jタイプ	夜騎兵の鎧
胴鎧	Jタイプ	夜騎兵の鎧（軽装）
胴鎧	Jタイプ	孤牢の鎧
胴鎧	Jタイプ	孤牢の鎧（軽装）
胴鎧	Jタイプ	宿将の鎧
胴鎧	Jタイプ	宿将の鎧（軽装）
胴鎧	Jタイプ	鱗の鎧
胴鎧	Jタイプ	鱗の鎧（軽装）
胴鎧	Jタイプ	獣集いの鎧
胴鎧	Jタイプ	獣集いの鎧（軽装）
胴鎧	Jタイプ	ツリーガードの鎧
胴鎧	Jタイプ	ツリーガードの鎧（軽装）
胴鎧	Jタイプ	異形の竜鎧
胴鎧	Jタイプ	坩堝の斧鎧
胴鎧	Jタイプ	坩堝の斧鎧（軽装）
胴鎧	Jタイプ	坩堝の樹鎧
胴鎧	Jタイプ	坩堝の樹鎧（軽装）
胴鎧	Jタイプ	ガイウスの鎧
胴鎧	Jタイプ	ラダーンの獅子鎧
胴鎧	Jタイプ	ラダーンの獅子鎧（軽装）
胴鎧	Jタイプ	若獅子の鎧
胴鎧	Jタイプ	若獅子の鎧（軽装）
胴鎧	Kタイプ	ライオネルの鎧
胴鎧	Kタイプ	ライオネルの鎧（軽装）
胴鎧	Kタイプ	大山羊の鎧
胴鎧	Kタイプ	緑青の鎧
胴鎧	Kタイプ	忌み鎧
胴鎧	Kタイプ	火の司教の鎧
胴鎧	Kタイプ	火の司教の鎧（軽装）
手甲	Aタイプ	旅の腕帯
手甲	Aタイプ	守人の手甲
手甲	Aタイプ	血の滲んだ腕帯
手甲	Aタイプ	縄の腕帯
手甲	Aタイプ	キノコ腕
手甲	Bタイプ	星見の手袋
手甲	Bタイプ	魔術師の腕巻き
手甲	Bタイプ	戦魔術師の腕巻き
手甲	Bタイプ	はぐれ魔術師の腕巻き
手甲	Bタイプ	魔術剣士の手袋
手甲	Bタイプ	アルベリッヒの手甲
手甲	Bタイプ	魔術教授の手袋
手甲	Bタイプ	アズールの腕巻き
手甲	Bタイプ	ルーサットの腕巻き
手甲	Bタイプ	大司祭の長手袋
手甲	Bタイプ	女王の腕輪
手甲	Bタイプ	旅巫女の手袋
手甲	Bタイプ	落葉派の腕帯
手甲	Bタイプ	金の腕巻き
手甲	Cタイプ	調香師の手袋
手甲	Cタイプ	旅の手袋
手甲	Cタイプ	堕落調香師の手袋
手甲	Cタイプ	使徒の腕輪
手甲	Cタイプ	貴種の腕輪
手甲	Cタイプ	アンスバッハの腕帯
手甲	Dタイプ	革の手袋
手甲	Dタイプ	剣士の手甲
手甲	Dタイプ	貴族の手袋
手甲	Dタイプ	従軍医師の手袋
手甲	Dタイプ	ティエリエの長手袋
手甲	Dタイプ	盗賊の腕巻き
手甲	Dタイプ	密使の手袋
手甲	Dタイプ	忌み潰しの長手袋
手甲	Dタイプ	墓守鳥の腕輪
手甲	Dタイプ	踊り子の手甲
手甲	Eタイプ	雑兵の手甲
手甲	Eタイプ	追い剥ぎの手甲
手甲	Eタイプ	兵卒の手甲
手甲	Eタイプ	卑兵の手甲
手甲	Eタイプ	影卑兵の手甲
手甲	Eタイプ	ノクス僧の腕輪
手甲	Eタイプ	勇者の手甲
手甲	Eタイプ	革の腕帯
手甲	Eタイプ	鉄鋲の手甲
手甲	Eタイプ	エーゴンの手甲
手甲	Eタイプ	修験者の腕輪
手甲	Fタイプ	ガントレット
手甲	Fタイプ	鉄の手甲
手甲	Fタイプ	ゴドリック兵の手甲
手甲	Fタイプ	レアルカリア兵の手甲
手甲	Fタイプ	ラダーン兵の手甲
手甲	Fタイプ	ローデイル兵の手甲
手甲	Fタイプ	聖樹兵の手甲
手甲	Fタイプ	霊廟兵の手甲
手甲	Fタイプ	メスメル兵の手甲
手甲	Fタイプ	流刑兵の手甲
手甲	Fタイプ	カイデンの手甲
手甲	Fタイプ	葦の地の手甲
手甲	Fタイプ	白備えの手甲
手甲	Fタイプ	浪人の手甲
手甲	Fタイプ	奇矯騎士の腕帯
手甲	Fタイプ	フレイヤの手甲
手甲	Fタイプ	蒼銀の腕輪
手甲	Fタイプ	火の僧兵の手甲
手甲	Fタイプ	黒炎僧兵の手甲
手甲	Fタイプ	ザミェルの腕巻き
手甲	Fタイプ	黒き刃の手甲
手甲	Fタイプ	夜の手甲
手甲	Fタイプ	マレニアの手甲
手甲	Fタイプ	エルデ王の手甲
手甲	Fタイプ	メスメルの手甲
手甲	Gタイプ	騎士の手甲
手甲	Gタイプ	放浪騎士の手甲
手甲	Gタイプ	カーリア騎士の手甲
手甲	Gタイプ	ゴドリック騎士の手甲
手甲	Gタイプ	カッコウ騎士の手甲
手甲	Gタイプ	赤獅子騎士の手甲
手甲	Gタイプ	ゲルミア騎士の手甲
手甲	Gタイプ	ローデイル騎士の手甲
手甲	Gタイプ	聖樹騎士の手甲
手甲	Gタイプ	霊廟騎士の手甲
手甲	Gタイプ	黒騎士の手甲
手甲	Gタイプ	猟犬騎士の手甲
手甲	Gタイプ	貴腐騎士の手甲
手甲	Gタイプ	火の騎士の手甲
手甲	Gタイプ	死の騎士の手甲
手甲	Gタイプ	角の戦士の手甲
手甲	Gタイプ	神鳥戦士の手甲
手甲	Hタイプ	誓約騎士の手甲
手甲	Hタイプ	戦鬼の手甲
手甲	Hタイプ	ホスローの手甲
手甲	Hタイプ	双児の手甲
手甲	Hタイプ	竜騎士の手甲
手甲	Hタイプ	ブライヴの手甲
手甲	Hタイプ	鉄茨の手甲
手甲	Hタイプ	指痕の手甲
手甲	Hタイプ	羅刹の手甲
手甲	Hタイプ	王骸の手甲
手甲	Hタイプ	百智の手甲
手甲	Hタイプ	親衛騎士の手甲
手甲	Hタイプ	レラーナの手袋
手甲	Hタイプ	マリケスの手甲
手甲	Iタイプ	失地騎士の手甲
手甲	Iタイプ	夜騎兵の手甲
手甲	Iタイプ	孤牢の手甲
手甲	Iタイプ	宿将の手甲
手甲	Iタイプ	鱗の手甲
手甲	Iタイプ	獣集いの手甲
手甲	Iタイプ	ツリーガードの手甲
手甲	Iタイプ	異形の竜手甲
手甲	Iタイプ	坩堝の手甲
手甲	Iタイプ	ガイウスの手甲
手甲	Iタイプ	ラダーンの手甲
手甲	Iタイプ	若獅子の手甲
手甲	Jタイプ	ライオネルの手甲
手甲	Jタイプ	大山羊の手甲
手甲	Jタイプ	緑青の手甲
手甲	Jタイプ	忌み手甲
手甲	Jタイプ	火の司教の手甲
足甲	Aタイプ	布のズボン
足甲	Aタイプ	旅のブーツ
足甲	Aタイプ	市民の靴
足甲	Aタイプ	貴人のブーツ
足甲	Aタイプ	老貴人の短靴
足甲	Aタイプ	小姓のズボン
足甲	Aタイプ	守人の足甲
足甲	Aタイプ	虜囚ズボン
足甲	Aタイプ	薄汚れたふんどし
足甲	Aタイプ	キノコ脚
足甲	Bタイプ	星見のズボン
足甲	Bタイプ	魔術師の脚巻き
足甲	Bタイプ	戦魔術師の脚巻き
足甲	Bタイプ	はぐれ魔術師のブーツ
足甲	Bタイプ	魔術剣士のズボン
足甲	Bタイプ	アルベリッヒのズボン
足甲	Bタイプ	魔術教授のズボン
足甲	Bタイプ	古い魔術師の脚巻き
足甲	Bタイプ	女王のズボン
足甲	Bタイプ	雪魔女のスカート
足甲	Bタイプ	大司祭の下穿き
足甲	Bタイプ	預言者のズボン
足甲	Bタイプ	旅巫女のブーツ
足甲	Bタイプ	指巫女の靴
足甲	Bタイプ	賢者のズボン
足甲	Bタイプ	落葉派の長靴
足甲	Bタイプ	金の腰巻き
足甲	Cタイプ	調香師の腰布
足甲	Cタイプ	旅のズボン
足甲	Cタイプ	堕落調香師のズボン
足甲	Cタイプ	側妃のズボン
足甲	Cタイプ	毛皮の脚絆
足甲	Cタイプ	祭司の脚絆
足甲	Cタイプ	使徒のズボン
足甲	Cタイプ	貴種のズボン
足甲	Cタイプ	血の貴族の腰巻き
足甲	Cタイプ	アンスバッハのブーツ
足甲	Dタイプ	革のズボン
足甲	Dタイプ	革のブーツ
足甲	Dタイプ	剣士の足甲
足甲	Dタイプ	貴族のズボン
足甲	Dタイプ	従軍医師のズボン
足甲	Dタイプ	ティエリエのズボン
足甲	Dタイプ	放浪商人のズボン
足甲	Dタイプ	盗賊のブーツ
足甲	Dタイプ	密使のブーツ
足甲	Dタイプ	忌み潰しのブーツ
足甲	Dタイプ	墓守鳥の足輪
足甲	Dタイプ	踊り子のズボン
足甲	Eタイプ	雑兵の足甲
足甲	Eタイプ	兵卒の足甲
足甲	Eタイプ	卑兵の足甲
足甲	Eタイプ	影卑兵の足甲
足甲	Eタイプ	闘士の足甲
足甲	Eタイプ	腐敗した闘士の足甲
足甲	Eタイプ	ノクス僧の足甲
足甲	Eタイプ	勇者の脚絆
足甲	Eタイプ	革の脚絆
足甲	Eタイプ	鉄鋲の足甲
足甲	Eタイプ	エーゴンの腰布
足甲	Eタイプ	修験者の足輪
足甲	Fタイプ	チェインレギンス
足甲	Fタイプ	ゴドリック兵の足甲
足甲	Fタイプ	レアルカリア兵の足甲
足甲	Fタイプ	ラダーン兵の足甲
足甲	Fタイプ	ローデイル兵の足甲
足甲	Fタイプ	聖樹兵の足甲
足甲	Fタイプ	霊廟兵の足甲
足甲	Fタイプ	メスメル兵の足甲
足甲	Fタイプ	流刑兵の足甲
足甲	Fタイプ	カイデンのズボン
足甲	Fタイプ	葦の地の足甲
足甲	Fタイプ	白備えの足甲
足甲	Fタイプ	浪人の足甲
足甲	Fタイプ	奇矯騎士のズボン
足甲	Fタイプ	フレイヤの脛当て
足甲	Fタイプ	蒼銀のスカート
足甲	Fタイプ	火の僧兵の足甲
足甲	Fタイプ	黒炎僧兵の足甲
足甲	Fタイプ	ザミェルの脚巻き
足甲	Fタイプ	黒き刃の足甲
足甲	Fタイプ	夜の足甲
足甲	Fタイプ	マレニアの足甲
足甲	Fタイプ	エルデ王の足甲
足甲	Fタイプ	メスメルの足甲
足甲	Gタイプ	騎士の足甲
足甲	Gタイプ	放浪騎士の足甲
足甲	Gタイプ	カーリア騎士の足甲
足甲	Gタイプ	ゴドリック騎士の足甲
足甲	Gタイプ	カッコウ騎士の足甲
足甲	Gタイプ	赤獅子騎士の足甲
足甲	Gタイプ	ゲルミア騎士の足甲
足甲	Gタイプ	ローデイル騎士の足甲
足甲	Gタイプ	聖樹騎士の足甲
足甲	Gタイプ	霊廟騎士の足甲
足甲	Gタイプ	黒騎士の足甲
足甲	Gタイプ	猟犬騎士の足甲
足甲	Gタイプ	貴腐騎士の足甲
足甲	Gタイプ	火の騎士の足甲
足甲	Gタイプ	死の騎士の足甲
足甲	Gタイプ	角の戦士の足甲
足甲	Gタイプ	神鳥戦士の足甲
足甲	Hタイプ	誓約騎士の足甲
足甲	Hタイプ	戦鬼の足甲
足甲	Hタイプ	ホスローの足甲
足甲	Hタイプ	双児の足甲
足甲	Hタイプ	竜騎士の足甲
足甲	Hタイプ	ブライヴの足甲
足甲	Hタイプ	鉄茨の足甲
足甲	Hタイプ	指痕の足甲
足甲	Hタイプ	羅刹の足甲
足甲	Hタイプ	王骸の足甲
足甲	Hタイプ	百智の足甲
足甲	Hタイプ	親衛騎士の足甲
足甲	Hタイプ	レラーナの足甲
足甲	Hタイプ	マリケスの足甲
足甲	Iタイプ	失地騎士の足甲
足甲	Iタイプ	夜騎兵の足甲
足甲	Iタイプ	孤牢の足甲
足甲	Iタイプ	宿将の足甲
足甲	Iタイプ	鱗の足甲
足甲	Iタイプ	獣集いの足甲
足甲	Iタイプ	ツリーガードの足甲
足甲	Iタイプ	異形の竜足甲
足甲	Iタイプ	坩堝の足甲
足甲	Iタイプ	ガイウスの足甲
足甲	Iタイプ	ラダーンの足甲
足甲	Iタイプ	若獅子の足甲
足甲	Jタイプ	ライオネルの足甲
足甲	Jタイプ	大山羊の足甲
足甲	Jタイプ	緑青の足甲
足甲	Jタイプ	忌み足甲
足甲	Jタイプ	火の司教の足甲
タリスマン	能力値上昇・回復強化	緋琥珀のメダリオン
タリスマン	能力値上昇・回復強化	緋琥珀のメダリオン+1
タリスマン	能力値上昇・回復強化	緋琥珀のメダリオン+2
タリスマン	能力値上昇・回復強化	緋琥珀のメダリオン+3
タリスマン	能力値上昇・回復強化	緋色種子のタリスマン
タリスマン	能力値上昇・回復強化	緋色種子のタリスマン+1
タリスマン	能力値上昇・回復強化	恵みの雫のタリスマン
タリスマン	能力値上昇・回復強化	青琥珀のメダリオン
タリスマン	能力値上昇・回復強化	青琥珀のメダリオン+1
タリスマン	能力値上昇・回復強化	青琥珀のメダリオン+2
タリスマン	能力値上昇・回復強化	青琥珀のメダリオン+3
タリスマン	能力値上昇・回復強化	青色種子のタリスマン
タリスマン	能力値上昇・回復強化	青色種子のタリスマン+1
タリスマン	能力値上昇・回復強化	恵みの青雫のタリスマン
タリスマン	能力値上昇・回復強化	王の受領のタリスマン
タリスマン	能力値上昇・回復強化	緑琥珀のメダリオン
タリスマン	能力値上昇・回復強化	緑琥珀のメダリオン+1
タリスマン	能力値上昇・回復強化	緑琥珀のメダリオン+2
タリスマン	能力値上昇・回復強化	緑琥珀のメダリオン+3
タリスマン	能力値上昇・回復強化	緑亀のタリスマン
タリスマン	能力値上昇・回復強化	双頭亀のタリスマン
タリスマン	能力値上昇・回復強化	武具塊のお守り
タリスマン	能力値上昇・回復強化	武具塊のお守り+1
タリスマン	能力値上昇・回復強化	大壺の武具塊
タリスマン	能力値上昇・回復強化	黄金樹の恩寵
タリスマン	能力値上昇・回復強化	黄金樹の恩寵+1
タリスマン	能力値上昇・回復強化	黄金樹の恩寵+2
タリスマン	能力値上昇・回復強化	ラダゴンの刻印
タリスマン	能力値上昇・回復強化	ラダゴンの爛れ刻印
タリスマン	能力値上昇・回復強化	マリカの刻印
タリスマン	能力値上昇・回復強化	マリカの爛れ刻印
タリスマン	能力値上昇・回復強化	星砕きの伝承
タリスマン	能力値上昇・回復強化	義手剣士の伝承
タリスマン	能力値上昇・回復強化	星見少女の伝承
タリスマン	能力値上昇・回復強化	二本指の伝承
タリスマン	能力値上昇・回復強化	外なる神の伝承
タリスマン	カット率・耐性上昇	竜印の盾のタリスマン
タリスマン	カット率・耐性上昇	竜印の盾のタリスマン+1
タリスマン	カット率・耐性上昇	竜印の盾のタリスマン+2
タリスマン	カット率・耐性上昇	竜印の大盾のタリスマン
タリスマン	カット率・耐性上昇	魔力竜印のタリスマン
タリスマン	カット率・耐性上昇	魔力竜印のタリスマン+1
タリスマン	カット率・耐性上昇	魔力竜印のタリスマン+2
タリスマン	カット率・耐性上昇	魔力竜印のタリスマン+3
タリスマン	カット率・耐性上昇	炎竜印のタリスマン
タリスマン	カット率・耐性上昇	炎竜印のタリスマン+1
タリスマン	カット率・耐性上昇	炎竜印のタリスマン+2
タリスマン	カット率・耐性上昇	炎竜印のタリスマン+3
タリスマン	カット率・耐性上昇	雷竜印のタリスマン
タリスマン	カット率・耐性上昇	雷竜印のタリスマン+1
タリスマン	カット率・耐性上昇	雷竜印のタリスマン+2
タリスマン	カット率・耐性上昇	雷竜印のタリスマン+3
タリスマン	カット率・耐性上昇	聖竜印のタリスマン
タリスマン	カット率・耐性上昇	聖竜印のタリスマン+1
タリスマン	カット率・耐性上昇	聖竜印のタリスマン+2
タリスマン	カット率・耐性上昇	黄金の編み髪
タリスマン	カット率・耐性上昇	真珠竜印のタリスマン
タリスマン	カット率・耐性上昇	真珠竜印のタリスマン+1
タリスマン	カット率・耐性上昇	真珠竜印のタリスマン+2
タリスマン	カット率・耐性上昇	真珠竜印のタリスマン+3
タリスマン	カット率・耐性上昇	免疫の角飾り
タリスマン	カット率・耐性上昇	免疫の角飾り+1
タリスマン	カット率・耐性上昇	免疫の角飾り+2
タリスマン	カット率・耐性上昇	頑健の角飾り
タリスマン	カット率・耐性上昇	頑健の角飾り+1
タリスマン	カット率・耐性上昇	頑健の角飾り+2
タリスマン	カット率・耐性上昇	正気の角飾り
タリスマン	カット率・耐性上昇	正気の角飾り+1
タリスマン	カット率・耐性上昇	正気の角飾り+2
タリスマン	カット率・耐性上昇	斑色の首飾り
タリスマン	カット率・耐性上昇	斑色の首飾り+1
タリスマン	カット率・耐性上昇	斑色の首飾り+2
タリスマン	カット率・耐性上昇	死王子の瘡
タリスマン	カット率・耐性上昇	死王子の業瘡
タリスマン	カット率・耐性上昇	病のタリスマン
タリスマン	武器アクション強化	短剣のタリスマン
タリスマン	武器アクション強化	曲剣のタリスマン
タリスマン	武器アクション強化	両刃のタリスマン
タリスマン	武器アクション強化	斧のタリスマン
タリスマン	武器アクション強化	大槌のタリスマン
タリスマン	武器アクション強化	槍のタリスマン
タリスマン	武器アクション強化	ランスのタリスマン
タリスマン	武器アクション強化	爪のタリスマン
タリスマン	武器アクション強化	両手剣のタリスマン
タリスマン	武器アクション強化	大盾のタリスマン
タリスマン	武器アクション強化	真珠盾のタリスマン
タリスマン	武器アクション強化	刺し貫く交差樹
タリスマン	武器アクション強化	切り返す交差樹
タリスマン	武器アクション強化	硬矢のタリスマン
タリスマン	武器アクション強化	遠矢のタリスマン
タリスマン	武器アクション強化	遠硬矢のタリスマン
タリスマン	武器アクション強化	狙いすます弓のタリスマン
タリスマン	魔術・祈祷強化	魔術師球のタリスマン
タリスマン	魔術・祈祷強化	魔術師塊のタリスマン
タリスマン	魔術・祈祷強化	信徒の誓布
タリスマン	魔術・祈祷強化	集う信徒の誓布
タリスマン	魔術・祈祷強化	原輝石の刃
タリスマン	魔術・祈祷強化	ノクステラの月
タリスマン	魔術・祈祷強化	古き王のタリスマン
タリスマン	魔術・祈祷強化	ラダゴンの肖像
タリスマン	魔術・祈祷強化	愛しき星屑
タリスマン	戦技・その他特定攻撃強化	咆哮のメダリオン
タリスマン	戦技・その他特定攻撃強化	友なる壺
タリスマン	戦技・その他特定攻撃強化	調香師のタリスマン
タリスマン	戦技・その他特定攻撃強化	カーリアの徽章
タリスマン	戦技・その他特定攻撃強化	戦士の壺の破片
タリスマン	戦技・その他特定攻撃強化	アレキサンダーの破片
タリスマン	戦技・その他特定攻撃強化	ゴッドフレイの肖像
タリスマン	戦技・その他特定攻撃強化	レラーナのカメオ
タリスマン	戦技・その他特定攻撃強化	割れ石のタリスマン
タリスマン	戦技・その他特定攻撃強化	鍛冶術のタリスマン
タリスマン	戦技・その他特定攻撃強化	荒れ狂う神獣
タリスマン	戦技・その他特定攻撃強化	暴竜のタリスマン
タリスマン	特殊なダメージ増減・プレイヤー性能変化	大山羊のタリスマン
タリスマン	特殊なダメージ増減・プレイヤー性能変化	青い踊り子
タリスマン	特殊なダメージ増減・プレイヤー性能変化	緑青の円盤
タリスマン	特殊なダメージ増減・プレイヤー性能変化	魔力の蠍
タリスマン	特殊なダメージ増減・プレイヤー性能変化	炎の蠍
タリスマン	特殊なダメージ増減・プレイヤー性能変化	雷の蠍
タリスマン	特殊なダメージ増減・プレイヤー性能変化	聖なる蠍
タリスマン	特殊なダメージ増減・プレイヤー性能変化	坩堝鱗のタリスマン
タリスマン	特殊なダメージ増減・プレイヤー性能変化	坩堝羽のタリスマン
タリスマン	特殊なダメージ増減・プレイヤー性能変化	坩堝瘤のタリスマン
タリスマン	特殊なダメージ増減・プレイヤー性能変化	坩堝薄羽のタリスマン
タリスマン	特殊なダメージ増減・プレイヤー性能変化	全ての坩堝のタリスマン
タリスマン	条件を満たすと発動する効果・ルーン獲得・発見力強化	赤羽の七支刃
タリスマン	条件を満たすと発動する効果・ルーン獲得・発見力強化	青羽の七支刃
タリスマン	条件を満たすと発動する効果・ルーン獲得・発見力強化	捧闘の剣のタリスマン
タリスマン	条件を満たすと発動する効果・ルーン獲得・発見力強化	捧闘の盾のタリスマン
タリスマン	条件を満たすと発動する効果・ルーン獲得・発見力強化	緋色の凶刃
タリスマン	条件を満たすと発動する効果・ルーン獲得・発見力強化	青色の凶刃
タリスマン	条件を満たすと発動する効果・ルーン獲得・発見力強化	有翼剣の徽章
タリスマン	条件を満たすと発動する効果・ルーン獲得・発見力強化	腐敗翼剣の徽章
タリスマン	条件を満たすと発動する効果・ルーン獲得・発見力強化	ミリセントの義手
タリスマン	条件を満たすと発動する効果・ルーン獲得・発見力強化	神肌のおくるみ
タリスマン	条件を満たすと発動する効果・ルーン獲得・発見力強化	腐敗眷属の歓喜
タリスマン	条件を満たすと発動する効果・ルーン獲得・発見力強化	血の君主の歓喜
タリスマン	条件を満たすと発動する効果・ルーン獲得・発見力強化	翁の歓喜
タリスマン	条件を満たすと発動する効果・ルーン獲得・発見力強化	トリーナの微笑
タリスマン	条件を満たすと発動する効果・ルーン獲得・発見力強化	介錯の刃
タリスマン	条件を満たすと発動する効果・ルーン獲得・発見力強化	略奪のカメオ
タリスマン	条件を満たすと発動する効果・ルーン獲得・発見力強化	祖霊の角
タリスマン	条件を満たすと発動する効果・ルーン獲得・発見力強化	聖戦の徽章
タリスマン	条件を満たすと発動する効果・ルーン獲得・発見力強化	金のスカラベ
タリスマン	条件を満たすと発動する効果・ルーン獲得・発見力強化	銀のスカラベ
タリスマン	条件を満たすと発動する効果・ルーン獲得・発見力強化	乾いた花束
タリスマン	隠密・マルチプレイ用・その他	クレプスの小瓶
タリスマン	隠密・マルチプレイ用・その他	身隠しのヴェール
タリスマン	隠密・マルチプレイ用・その他	長尾猫のタリスマン
タリスマン	隠密・マルチプレイ用・その他	鉤指の偽装鏡
タリスマン	隠密・マルチプレイ用・その他	主の偽装鏡
タリスマン	隠密・マルチプレイ用・その他	シャブリリの禍
タリスマン	隠密・マルチプレイ用・その他	デーディカの禍
タリスマン	隠密・マルチプレイ用・その他	犠牲の細枝
情報	文書	文書「霊薬の聖杯瓶について」
情報	文書	文書「宿場跡について」
情報	文書	文書「転送門について」
情報	文書	文書「隠し洞窟について」
情報	文書	文書「教授の秘密について」
情報	文書	文書「王都地下について」
情報	文書	文書「重力の力について」
情報	文書	文書「亜人どもについて」
情報	文書	文書「陸ほやについて」
情報	文書	文書「石掘りトロルについて」
情報	文書	文書「幽鬼について」
情報	文書	文書「火の戦車について」
情報	文書	文書「歩く霊廟について」
情報	文書	文書「姿なき刺客について」
情報	文書	文書「インプ共の影について」
情報	文書	文書「狂い火村について」
情報	文書	文書「狂い火の主について」
情報	文書	文書「ミケラの針について」
情報	文書	火山館の招待状
情報	文書	火山館からの手紙
情報	文書	火山館からの手紙
情報	文書	赤い手紙
情報	文書	パッチへの手紙
情報	文書	ベルナールへの手紙
情報	文書	ゾラーヤスの手紙
情報	文書	待ち合わせの地図
情報	文書	サリアの街の秘密
情報	文書	蜃気楼の謎かけ
情報	文書	古ぼけた地図
情報	文書	刻印の手がかり
情報	文書	ロジェールの手紙
情報	文書	十字の地図
情報	文書	新しい十字の地図
情報	文書	遺跡の地図
情報	文書	遺跡の地図（二枚目）
情報	文書	遺跡の地図（三枚目）
情報	文書	影の塔の置き手紙
情報	文書	城砦十字の置き手紙
情報	文書	保管庫十字の置き手紙
情報	文書	古遺跡十字の置き手紙
情報	文書	レダの置き手紙
情報	文書	僧の手紙
情報	文書	文書「霊気流の封印について」
情報	文書	焼炉職人のメモ書き
情報	文書	捨てられた日記
情報	絵画	絵画「帰巣」
情報	絵画	絵画「飛べない鳥」
情報	絵画	絵画「再誕」
情報	絵画	絵画「預言」
情報	絵画	絵画「英雄の歌」
情報	絵画	絵画「赤獅子」
情報	絵画	絵画「魔術師」
情報	絵画	絵画「侵攻」
情報	絵画	絵画「神の塔」
情報	絵画	絵画「竜の境地」
情報	説明（チュートリアル）	説明「学びの洞窟」
情報	説明（チュートリアル）	説明「祝福」
情報	説明（チュートリアル）	説明「祝福の導き」
情報	説明（チュートリアル）	説明「地図」
情報	説明（チュートリアル）	説明「祝福への移動」
情報	説明（チュートリアル）	説明「円卓」
情報	説明（チュートリアル）	説明「死亡」
情報	説明（チュートリアル）	説明「マリカの楔」
情報	説明（チュートリアル）	説明「ガード」
情報	説明（チュートリアル）	説明「回避」
情報	説明（チュートリアル）	説明「武器の持ち替え」
情報	説明（チュートリアル）	説明「体勢を崩す」
情報	説明（チュートリアル）	説明「ガードカウンター」
情報	説明（チュートリアル）	説明「弓」
情報	説明（チュートリアル）	説明「戦技」
情報	説明（チュートリアル）	説明「魔術と祈祷」
情報	説明（チュートリアル）	説明「霊体の召喚」
情報	説明（チュートリアル）	説明「騎乗」
情報	説明（チュートリアル）	説明「霊気流ジャンプ」
情報	説明（チュートリアル）	説明「しゃがみ」
情報	説明（チュートリアル）	説明「鳥の遠見」
情報	説明（チュートリアル）	説明「雫スカラベ」
情報	説明（チュートリアル）	説明「敵集団の撃破」
情報	説明（チュートリアル）	説明「アイテム製作」
情報	説明（チュートリアル）	説明「素材アイテム」
情報	説明（チュートリアル）	説明「容器アイテム」
情報	説明（チュートリアル）	説明「霊薬の聖杯瓶」
情報	説明（チュートリアル）	説明「武器の強化」
情報	説明（チュートリアル）	説明「戦技の付与」
情報	説明（チュートリアル）	説明「属性の付与」
情報	説明（チュートリアル）	説明「ポーチ」
情報	説明（チュートリアル）	説明「大ルーン」
情報	説明（チュートリアル）	説明「他プレイヤーの召喚」
情報	説明（チュートリアル）	説明「協力マルチプレイ」
情報	説明（チュートリアル）	説明「敵対マルチプレイ」
情報	説明（チュートリアル）	説明「侵入マルチプレイ」
情報	説明（チュートリアル）	説明「狩人の召喚要請」
情報	説明（チュートリアル）	説明「狩人マルチプレイ」
情報	説明（チュートリアル）	説明「サイン溜まり」
情報	説明（チュートリアル）	説明「決闘」
情報	説明（チュートリアル）	説明「共闘／乱闘」
情報	説明（チュートリアル）	説明「遺灰有りの闘技」
情報	説明（チュートリアル）	説明「円卓のマリカ像」
情報	説明（チュートリアル）	説明「影樹の加護」
情報	説明（チュートリアル）	説明「霊灰の加護」
情報	説明（チュートリアル）	説明「インベントリの新機能」
ジェスチャー		前を指差す
ジェスチャー		上を指差す
ジェスチャー		下を指差す
ジェスチャー		待て
ジェスチャー		落ち着け
ジェスチャー		手を振る
ジェスチャー		手招き
ジェスチャー		よっ
ジェスチャー		歓迎
ジェスチャー		拍手
ジェスチャー		ぐっ
ジェスチャー		跳ねる歓喜
ジェスチャー		両手歓喜
ジェスチャー		くるっと回る
ジェスチャー		考える頷き
ジェスチャー		指鳴らし
ジェスチャー		エイエイオー
ジェスチャー		オーオーオー
ジェスチャー		手合わせ所望
ジェスチャー		一礼
ジェスチャー		お辞儀
ジェスチャー		仰せのままに
ジェスチャー		感謝を
ジェスチャー		カーテシー
ジェスチャー		恭しい一礼
ジェスチャー		我が王よ
ジェスチャー		貴方と共に
ジェスチャー		母よ
ジェスチャー		貴公、何用だ
ジェスチャー		剣に誓って
ジェスチャー		ホスローの誓い
ジェスチャー		我が内に炎あれ
ジェスチャー		リングのポーズ
ジェスチャー		ミケラのリング
ジェスチャー		叡智
ジェスチャー		祈り
ジェスチャー		魅せられた祈り
ジェスチャー		恍惚
ジェスチャー		内なる律
ジェスチャー		外なる律
ジェスチャー		黄金律全姿
ジェスチャー		二本指
ジェスチャー		土下座
ジェスチャー		命乞い
ジェスチャー		あぐら
ジェスチャー		ぐっすりあぐら
ジェスチャー		片膝座り
ジェスチャー		横座り
ジェスチャー		へたり込み
ジェスチャー		パッチ座り
ジェスチャー		丸くなる
ジェスチャー		大の字
